1.005025,1.507538,,1.005025,6.153846,2.538071,1,100,1.492537
1.980198,2.475248,1.507538,1.005025,30.808081,4.060914,3.015075,10.309278,1.515152
3.030303,1.5,,1.492537,100,1.005025,3.045685,20.833333,1.005025
3.045685,1.492537,,4.477612,100,1.010101,3.553299,19.791667,1.005025
12.244898,8.040201,4.040404,4.545455,100,55.55102,1.020408,19.072165,1
12.234043,1.5,3.535354,2.040816,100,3.553299,1.492537,29.533679,5
24.731183,2.487562,1.005025,14.893617,100,23.857868,1.005025,10.204082,3.045685
10.05291,1.5,1.005025,57.458564,100,25.757576,4,5.555556,1.005025
4.615385,1.980198,,57.692308,100,25.125628,1,16.753927,1.005025
2.051282,1.010101,28.787879,56.179775,100,47.5,1.492537,27.692308,65.918919
4,2.463054,25.628141,56.424581,100,47.5,6.842105,2.020202,1.515152
1.005025,1.492537,34.848485,32.369942,100,48.743719,45.19774,5.583756,4.040404
1.015228,62.755102,46.766169,15.384615,100,46.464646,56.497175,11.22449,5.025126
1.005025,100,48.484848,1.020408,100,48.743719,57.142857,19.371728,17.857143
1.015228,100,47.715736,1.010101,100,48.5,55.932203,27.692308,14.851485
1.005025,42.78607,47.263682,1.99005,100,46.969697,56.741573,14.948454,25.125628
,25,48.756219,2.57732,100,48.258706,56.25,26.17801,48.484848
,25.125628,42.713568,3.571429,100,47.5,58.918919,24.102564,49.748744
,25.5,,1.507538,100,48.484848,56.741573,3.045685,48.241206
,26.237624,,1,100,47,55.232558,17.857143,48.743719
,26.108374,,1.5,100,46.733668,58.563536,31.443299,49.009901
,25.125628,,1.522843,100,48.241206,58.152174,6.598985,48.743719
,27.5,,1.005025,100,47,56.906077,7.106599,48.743719
,7.070707,,,100,48.5,57.303371,23.036649,48.5
,16.915423,,,100,48.743719,58.378378,29.842932,48.743719
,20.942408,,,100,47,58.378378,12.371134,48.730964
,24.873096,,,73.5,48.743719,58.241758,25,48.5
,25.773196,,,25.125628,47.263682,56,21.649485,48.484848
,17.58794,,,26.237624,48.241206,56.906077,6.153846,48.5
,24.352332,,,25.5,46.464646,57.303371,21.025641,48.484848
,19.095477,,,25.125628,46.733668,56.647399,25,48.756219
,22.279793,,,25,49,57.377049,12.626263,48.241206
,29.591837,,,25.5,46.733668,56.25,2,49
,18.877551,,,26,48.743719,58.823529,6,47
,21.5,,,13.636364,48.241206,51.36612,13.19797,46.733668
,12.5,,,11.442786,46.464646,5.291005,31.606218,48.241206
,26.237624,,,7.653061,48.743719,18.134715,7.537688,47.979798
,17.894737,,,18.556701,46.733668,4.615385,7.142857,48.5
,23.316062,,,23.560209,48.22335,4.060914,9.230769,46.733668
,20.725389,,,12.886598,46.766169,1.507538,19.270833,47
,16.494845,,,22.916667,46.969697,1.492537,26.041667,48.743719
,18.367347,,,20.918367,48.5,3.5,16.161616,46.733668
,9.64467,,,19.371728,47.263682,,24.870466,47.738693
,2.487562,,,14.43299,47.979798,,22.631579,48
,,,,22.613065,47.979798,,14.948454,46.464646
,,,,23.195876,47,,22.222222,48.756219
,,,,16.666667,48.22335,,29.319372,47.979798
,,,,24.365482,46.464646,,10.606061,47.738693
,,,,2.475248,47.5,,7.070707,47.5
,,,,2.512563,47.474747,,20.526316,46.192893
,,,,2.475248,46.733668,,30.051813,48.5
,,,,5,49,,10.606061,46.733668
,,,,19.5,46.464646,,18.134715,47.263682
,,,,21.875,47.263682,,26.842105,48.743719
,,,,21.134021,49.748744,,6.122449,46.5
,,,,21.761658,46.733668,,15.384615,48.484848
,,,,28.787879,48.743719,,21.717172,48.756219
,,,,20.20202,47,,23.684211,47.474747
,,,,21.538462,46.733668,,17.948718,47.738693
,,,,17.010309,48.241206,,25.68306,47.236181
,,,,21.538462,46.733668,,11.675127,47.979798
,,,,18.75,48.484848,,6.060606,47
,,,,23.036649,47.263682,,5.050505,47.236181
,,,,16.842105,47,,13.265306,49.246231
,,,,23.857868,47.236181,,31.770833,46.5
,,,,21.875,48.743719,,2.01005,48.241206
,,,,17.948718,46.733668,,9.693878,49.751244
,,,,22.395833,46.733668,,15.816327,48
,,,,15.706806,47.979798,,27.604167,47.236181
,,,,21.052632,46.733668,,5.527638,46.464646
,,,,18.974359,49.246231,,2.01005,48.241206
,,,,24.873096,26.633166,,7.291667,46.464646
,,,,15.789474,25.870647,,23.958333,47.761194
,,,,25.757576,11.22449,,23.404255,48
,,,,25.806452,3.553299,,2.01005,46.733668
,,,,19.387755,1.010101,,18.877551,48.756219
,,,,27.46114,1.492537,,27.807487,48.241206
,,,,16.753927,2.051282,,5.612245,47.236181
,,,,23.71134,5.050505,,8.080808,48
,,,,16.666667,1.492537,,23.979592,47
,,,,20.512821,1.010101,,29.100529,48.241206
,,,,23.036649,2,,11.675127,47
,,,,18.556701,1.005025,,22.335025,46.969697
,,,,19.587629,4.522613,,22.916667,48.5
,,,,13.227513,5.612245,,5.612245,47.263682
,,,,20.725389,1.507538,,14.507772,48.5
,,,,17.801047,1,,27.225131,48.241206
,,,,22.727273,1,,8.629442,46.733668
,,,,24.226804,1.5,,6.060606,48.241206
,,,,21.5,1.538462,,14.893617,46.733668
,,,,24.352332,3.045685,,31.052632,48.5
,,,,11.22449,1.005025,,3.076923,46.733668
,,,,23.880597,1.5,,5.641026,46.733668
,,,,14.5,1.507538,,10,49
,,,,17.171717,1.005025,,18.877551,46.733668
,,,,18.877551,2.55102,,25,47.979798
,,,,23.157895,3.535354,,16.666667,48.241206
,,,,17.948718,1,,28.272251,47.236181
,,,,19.680851,1.015228,,17.708333,48.756219
,,,,20.3125,1,,4.545455,46.733668
,,,,22.959184,1,,16.230366,48.5
,,,,21.989529,3.076923,,34.358974,47
,,,,18.877551,4.522613,,3.571429,47
,,,,23.958333,1.010101,,8.629442,48.743719
,,,,17.61658,,,21.875,46.733668
,,,,24.870466,,,24.60733,48.5
,,,,21.243523,,,14.507772,48.484848
,,,,22.279793,,,25.510204,47
,,,,28.93401,,,15.625,48.241206
,,,,20.3125,,,7.5,48.5
,,,,21.989529,,,17.766497,48.484848
,,,,17.1875,,,31.443299,48.743719
,,,,23.857868,,,5.583756,48.241206
,,,,14.948454,,,6.122449,48.743719
,,,,27.55102,,,17.801047,48.241206
,,,,17.61658,,,32.142857,48.241206
,,,,18.781726,,,4.522613,48.5
,,,,23.958333,,,4.145078,47
,,,,16.580311,,,12.953368,49
,,,,22.279793,,,17.676768,46.464646
,,,,21.319797,,,25.925926,47
,,,,21.827411,,,14.507772,48.484848
,,,,21.134021,,,21.025641,47.761194
,,,,21.989529,,,20.942408,48.241206
,,,,25,,,4.040404,47
,,,,20.304569,,,14.507772,49.246231
,,,,25.257732,,,29.411765,48.743719
,,,,18.421053,,,5.612245,46.733668
,,,,21.465969,,,9.090909,48.241206
,,,,22.222222,,,23.195876,46.733668
,,,,20.103093,,,30.366492,47
,,,,23.232323,,,12.690355,48.756219
,,,,16.580311,,,19.191919,46.464646
,,,,22.335025,,,26.42487,48
,,,,23.857868,,,5.583756,47.5
,,,,23.857868,,,18.65285,47.715736
,,,,17.435897,,,30.526316,48.5
,,,,19.473684,,,13.5,46.464646
,,,,20.725389,,,5.555556,48
,,,,14.720812,,,15.979381,47.236181
,,,,25.510204,,,30.25641,46.733668
,,,,20.895522,,,7.653061,48.743719
,,,,24.489796,,,7.070707,47
,,,,27.040816,,,7.070707,47.208122
,,,,23.195876,,,13.612565,47.5
,,,,21.649485,,,28.947368,49.246231
,,,,18.274112,,,5.527638,48.5
,,,,23.589744,,,12.169312,46.969697
,,,,19.021739,,,15.544041,47.761194
,,,,20.408163,,,21.989529,47.738693
,,,,17.525773,,,14.0625,46.5
,,,,20.512821,,,30.927835,48.241206
,,,,24.479167,,,10.659898,47.236181
,,,,17.435897,,,6.666667,47
,,,,24.873096,,,6.467662,47.979798
,,,,16.145833,,,19.371728,48.241206
,,,,22.680412,,,29.842932,48.756219
,,,,20.618557,,,5.128205,46.733668
,,,,22.680412,,,8.080808,46.969697
,,,,25.888325,,,19.148936,47.738693
,,,,15.544041,,,26.041667,46.733668
,,,,22.222222,,,16.080402,48.5
,,,,15.656566,,,21.693122,47.738693
,,,,19.270833,,,19.897959,46.733668
,,,,28.421053,,,6.632653,48.5
,,,,21.287129,,,13.402062,47.979798
,,,,22.564103,,,31.282051,48.5
,,,,19.170984,,,7.035176,46.969697
,,,,23.4375,,,7.614213,46.733668
,,,,16.923077,,,21.717172,48.5
,,,,20.833333,,,28.342246,46.733668
,,,,24.102564,,,2.525253,48.5
,,,,19.897959,,,3.645833,48.484848
,,,,25.252525,,,11.794872,48.241206
,,,,16.753927,,,20.918367,46.464646
,,,,23.4375,,,22.916667,46.733668
,,,,23.115578,,,28.795812,48.743719
,,,,19.251337,,,31.282051,47
,,,,26.153846,,,5.154639,46.464646
,,,,17.085427,,,2.475248,49.253731
,,,,22.513089,,,19.587629,46.733668
,,,,13.989637,,,3.030303,48.743719
,,,,22.164948,,,7.614213,46.464646
,,,,20.618557,,,6.060606,47
,,,,20.725389,,,6.565657,51.256281
,,,,21.761658,,,8.205128,46.733668
,,,,15.104167,,,7.537688,48.5
,,,,24.102564,,,2,46.464646
,,,,15.104167,,,6.598985,47.263682
,,,,20.304569,,,2.01005,49
,,,,14.973262,,,6.122449,47
,,,,21.649485,,,4.663212,48
,,,,23.71134,,,6.060606,46.733668
,,,,18.686869,,,6.091371,47.236181
,,,,27.083333,,,5.154639,46.700508
,,,,11.170213,,,6.565657,48
,,,,24.747475,,,2.020202,47.236181
,,,,18.421053,,,8.080808,46.733668
,,,,24.365482,,,5.612245,48.5
,,,,21.938776,,,5.181347,46.733668
,,,,15.625,,,4.615385,48.241206
,,,,18.848168,,,4.663212,47.761194
,,,,17.435897,,,2,46.733668
,,,,21.649485,,,7.575758,46.5
,,,,18.274112,,,2,48.258706
,,,,21.465969,,,5.102041,47.236181
,,,,24.875622,,,7.575758,47
,,,,23.834197,,,68.229167,48.484848
,,,,26.633166,,,45.226131,46.733668
,,,,18.274112,,,2.487562,46.969697
,,,,24.479167,,,6.060606,48
,,,,15.789474,,,5.128205,46.464646
,,,,25.128205,,,6.153846,47.263682
,,,,15.228426,,,21.938776,46.969697
,,,,26.767677,,,25.870647,48.258706
,,,,24.60733,,,24.747475,46.733668
,,,,14.285714,,,25.125628,48.241206
,,,,17.098446,,,25.5,47
,,,,7.106599,,,25.125628,46.464646
,,,,2.5,,,25.125628,48.743719
,,,,8,,,26.130653,46.231156
,,,,2.475248,,,24.623116,46.464646
,,,,2,,,10.10101,46.766169
,,,,2.475248,,,2.01005,48.484848
,,,,7.142857,,,3.030303,46.733668
,,,,6.091371,,,17.766497,48.241206
,,,,9.137056,,,22.105263,46.733668
,,,,2.475248,,,18.090452,48.5
,,,,2.475248,,,5.025126,47
,,,,7,,,15.706806,46.464646
,,,,8.040201,,,32.820513,46.969697
,,,,2.970297,,,6.598985,48.241206
,,,,2,,,7.070707,46.464646
,,,,8.629442,,,7.575758,47
,,,,2,,,15.263158,48.743719
,,,,2.487562,,,30.526316,46.464646
,,,,7.653061,,,11.5,49
,,,,6.091371,,,23.71134,46.733668
,,,,2,,,20.833333,46.464646
,,,,3,,,4.639175,46.733668
,,,,7.614213,,,17.525773,47.738693
,,,,4.950495,,,26.595745,47.236181
,,,,6.565657,,,7.575758,46.464646
,,,,,,,2.970297,48.5
,,,,,,,7.575758,46.766169
,,,,,,,21.134021,47.474747
,,,,,,,30.051813,46.969697
,,,,,,,2.01005,47
,,,,,,,15.384615,46.5
,,,,,,,23.684211,47.738693
,,,,,,,19.487179,46.969697
,,,,,,,2.01005,46.733668
,,,,,,,24.226804,48.484848
,,,,,,,28.125,47.029703
,,,,,,,10.714286,48.241206
,,,,,,,5.555556,48
,,,,,,,12.435233,46.464646
,,,,,,,31.216931,46.733668
,,,,,,,7.575758,47.236181
,,,,,,,5.583756,47.979798
,,,,,,,7.614213,46.733668
,,,,,,,11.578947,48.241206
,,,,,,,29.255319,46.733668
,,,,,,,11.675127,47.5
,,,,,,,19.270833,47.738693
,,,,,,,26.17801,46.700508
,,,,,,,6.598985,47
,,,,,,,12.690355,47
,,,,,,,26.630435,48.241206
,,,,,,,12.182741,46.464646
,,,,,,,5.527638,48.756219
,,,,,,,15.897436,47
,,,,,,,32.446809,46.700508
,,,,,,,10.309278,48.756219
,,,,,,,20.526316,46.733668
,,,,,,,23.280423,46.733668
,,,,,,,22.110553,47
,,,,,,,21.578947,48.5
,,,,,,,16.243655,48.743719
,,,,,,,3.045685,48.241206
,,,,,,,15.625,48.484848
,,,,,,,32.105263,48.484848
,,,,,,,6.060606,49.009901
,,,,,,,6.153846,48.756219
,,,,,,,8.121827,47.263682
,,,,,,,14.871795,46.733668
,,,,,,,30.851064,48.743719
,,,,,,,4.522613,47
,,,,,,,9.137056,48.5
,,,,,,,20.3125,46.969697
,,,,,,,26.943005,47.979798
,,,,,,,4.615385,48.5
,,,,,,,15.183246,46.464646
,,,,,,,22.395833,46.231156
,,,,,,,14.285714,47
,,,,,,,5,48.756219
,,,,,,,13.989637,46.733668
,,,,,,,32.460733,47.738693
,,,,,,,4.081633,47.236181
,,,,,,,10.945274,46.733668
,,,,,,,21.875,48.241206
,,,,,,,27.748691,48.241206
,,,,,,,16.410256,48.5
,,,,,,,22.105263,46.733668
,,,,,,,17.098446,48.241206
,,,,,,,3.045685,46.733668
,,,,,,,3.015075,47.738693
,,,,,,,17.525773,47.236181
,,,,,,,30.208333,48
,,,,,,,12.371134,47.979798
,,,,,,,7.070707,48.5
,,,,,,,18.75,48.5
,,,,,,,29.533679,48.743719
,,,,,,,11.794872,47
,,,,,,,20.618557,48.484848
,,,,,,,22.916667,45.959596
,,,,,,,5.555556,46.733668
,,,,,,,13.636364,48.743719
,,,,,,,21.808511,46.733668
,,,,,,,15.075377,48
,,,,,,,4.123711,47.5
,,,,,,,6.030151,48
,,,,,,,16.753927,48.743719
,,,,,,,29.891304,47.524752
,,,,,,,6.122449,47.761194
,,,,,,,7.5,47.236181
,,,,,,,16.666667,48.5
,,,,,,,31.937173,25.252525
,,,,,,,2,1.99005
,,,,,,,15,3.535354
,,,,,,,15.656566,4.522613
,,,,,,,25.13089,1.005025
,,,,,,,18.974359,2
,,,,,,,30.208333,1.005025
,,,,,,,8.121827,1
,,,,,,,5.102041,3.061224
,,,,,,,16.666667,4.522613
,,,,,,,31.25,1.010101
,,,,,,,6.632653,1.5
,,,,,,,11.734694,1.005025
,,,,,,,21.134021,1.492537
,,,,,,,27.12766,1.515152
,,,,,,,15.384615,1.010101
,,,,,,,22.680412,2.55102
,,,,,,,23.684211,3.553299
,,,,,,,6.091371,1.005025
,,,,,,,17.435897,1.5
,,,,,,,25.65445,1.005025
,,,,,,,17.258883,1.005025
,,,,,,,4.522613,3.517588
,,,,,,,19.170984,6.030151
,,,,,,,31.413613,1.005025
,,,,,,,6.030151,1.005025
,,,,,,,8.542714,1.5
,,,,,,,18.75,2.985075
,,,,,,,28.947368,1.99005
,,,,,,,18.781726,3.535354
,,,,,,,15.425532,3.535354
,,,,,,,25.13089,2
,,,,,,,13.402062,1.005025
,,,,,,,25.789474,
,,,,,,,17.258883,
,,,,,,,5.641026,
,,,,,,,4.522613,
,,,,,,,20.618557,
,,,,,,,30,
,,,,,,,4.081633,
,,,,,,,9.137056,
,,,,,,,16.753927,
,,,,,,,28.877005,
,,,,,,,5.128205,
,,,,,,,11.22449,
,,,,,,,23.4375,
,,,,,,,22.797927,
,,,,,,,17.435897,
,,,,,,,25.388601,
,,,,,,,9.64467,
,,,,,,,6.532663,
,,,,,,,17.857143,
,,,,,,,33.846154,
,,,,,,,3.061224,
,,,,,,,10.309278,
,,,,,,,34.536082,
,,,,,,,24.615385,
,,,,,,,14.507772,
,,,,,,,29.569892,
,,,,,,,10.204082,
,,,,,,,4,
,,,,,,,6.122449,
,,,,,,,6.030151,
,,,,,,,12.5,
,,,,,,,31.794872,
,,,,,,,13.402062,
,,,,,,,19.791667,
,,,,,,,27.835052,
,,,,,,,7.575758,
,,,,,,,14.213198,
,,,,,,,23.834197,
,,,,,,,19.191919,
,,,,,,,2.01005,
,,,,,,,3.535354,
,,,,,,,20,
,,,,,,,30.978261,
,,,,,,,7.106599,
,,,,,,,5.076142,
,,,,,,,4.123711,
,,,,,,,20.207254,
,,,,,,,31.578947,
,,,,,,,2.020202,
,,,,,,,8.762887,
,,,,,,,18.974359,
,,,,,,,26.701571,
,,,,,,,6.091371,
,,,,,,,17.258883,
,,,,,,,29.6875,
,,,,,,,11.794872,
,,,,,,,7,
,,,,,,,19.5,
,,,,,,,27.894737,
,,,,,,,12.953368,
,,,,,,,2,
,,,,,,,6.598985,
,,,,,,,22.959184,
,,,,,,,31.413613,
,,,,,,,11.22449,
,,,,,,,20.833333,
,,,,,,,23.958333,
,,,,,,,18.274112,
,,,,,,,26.984127,
,,,,,,,14.646465,
,,,,,,,5.555556,
,,,,,,,15.463918,
,,,,,,,31.25,
,,,,,,,4.060914,
,,,,,,,10.050251,
,,,,,,,18.324607,
,,,,,,,32.307692,
,,,,,,,3.030303,
,,,,,,,4.663212,
,,,,,,,5.076142,
,,,,,,,6.735751,
,,,,,,,21.761658,
,,,,,,,22.916667,
,,,,,,,22.564103,
,,,,,,,22.797927,
,,,,,,,17.766497,
,,,,,,,3.517588,
,,,,,,,16.753927,
,,,,,,,29.411765,
,,,,,,,6.060606,
,,,,,,,4.639175,
,,,,,,,6.598985,
,,,,,,,20.103093,
,,,,,,,31.25,
,,,,,,,11.616162,
,,,,,,,17.708333,
,,,,,,,28.272251,
,,,,,,,5.641026,
,,,,,,,14.720812,
,,,,,,,25.510204,
,,,,,,,18.090452,
,,,,,,,3.553299,
,,,,,,,2.01005,
,,,,,,,4.639175,
,,,,,,,17.801047,
,,,,,,,27.956989,
,,,,,,,6.122449,
,,,,,,,6.122449,
,,,,,,,16.666667,
,,,,,,,30.526316,
,,,,,,,3.061224,
,,,,,,,5.641026,
,,,,,,,11,
,,,,,,,18.421053,
,,,,,,,27.748691,
,,,,,,,16.582915,
,,,,,,,21.925134,
,,,,,,,22.797927,
,,,,,,,9.59596,
,,,,,,,32.323232,
,,,,,,,27.513228,
,,,,,,,5.128205,
,,,,,,,9.452736,
,,,,,,,20,
,,,,,,,30.412371,
,,,,,,,22.513089,
,,,,,,,25,
,,,,,,,21.025641,
,,,,,,,5.641026,
,,,,,,,17.1875,
,,,,,,,29.62963,
,,,,,,,8.080808,
,,,,,,,6.598985,
,,,,,,,17.708333,
,,,,,,,31.794872,
,,,,,,,5.154639,
,,,,,,,14.213198,
,,,,,,,20.418848,
,,,,,,,25.13089,
,,,,,,,18.367347,
,,,,,,,25.13089,
,,,,,,,17.525773,
,,,,,,,5.025126,
,,,,,,,17.894737,
,,,,,,,30.927835,
,,,,,,,8.163265,
,,,,,,,7.070707,
,,,,,,,21.428571,
,,,,,,,28.947368,
,,,,,,,13.5,
,,,,,,,17.1875,
,,,,,,,23.4375,
,,,,,,,6.598985,
,,,,,,,13.989637,
,,,,,,,25.789474,
,,,,,,,6.598985,
,,,,,,,7.575758,
,,,,,,,18.848168,
,,,,,,,31.25,
,,,,,,,2.01005,
,,,,,,,7.035176,
,,,,,,,13.77551,
,,,,,,,24.102564,
,,,,,,,23.316062,
,,,,,,,22.222222,
,,,,,,,24.338624,
,,,,,,,19.587629,
,,,,,,,4.545455,
,,,,,,,13.541667,
,,,,,,,30.366492,
,,,,,,,11.5,
,,,,,,,18.27957,
,,,,,,,25.906736,
,,,,,,,17.1875,
,,,,,,,28.648649,
,,,,,,,9.090909,
,,,,,,,7.106599,
,,,,,,,22.84264,
,,,,,,,29.319372,
,,,,,,,6.091371,
,,,,,,,11.675127,
,,,,,,,18.877551,
,,,,,,,32.105263,
,,,,,,,2.030457,
,,,,,,,6.122449,
,,,,,,,10.769231,
,,,,,,,17.010309,
,,,,,,,25,
,,,,,,,7.8125,
,,,,,,,15.384615,
,,,,,,,23.529412,
,,,,,,,22.513089,
,,,,,,,3.030303,
,,,,,,,18.877551,
,,,,,,,32.984293,
,,,,,,,7.614213,
,,,,,,,6.598985,
,,,,,,,19.473684,
,,,,,,,30.890052,
,,,,,,,11.22449,
,,,,,,,19.791667,
,,,,,,,28.125,
,,,,,,,5.583756,
,,,,,,,16.666667,
,,,,,,,18.324607,
,,,,,,,23.404255,
,,,,,,,2,
,,,,,,,19.59799,
,,,,,,,29.381443,
,,,,,,,8.542714,
,,,,,,,6.153846,
,,,,,,,6.598985,
,,,,,,,18.367347,
,,,,,,,32.474227,
,,,,,,,4.081633,
,,,,,,,6.5,
,,,,,,,10.659898,
,,,,,,,18.181818,
,,,,,,,27.083333,
,,,,,,,15.736041,
,,,,,,,24.338624,
,,,,,,,16.326531,
,,,,,,,6.598985,
,,,,,,,4.020101,
,,,,,,,17.1875,
,,,,,,,29.842932,
,,,,,,,4.081633,
,,,,,,,9.59596,
,,,,,,,15.384615,
,,,,,,,28.421053,
,,,,,,,4.639175,
,,,,,,,12.121212,
,,,,,,,19.69697,
,,,,,,,22.513089,
,,,,,,,3.535354,
,,,,,,,17.857143,
,,,,,,,32.124352,
,,,,,,,10.606061,
,,,,,,,5.527638,
,,,,,,,15.104167,
,,,,,,,31.016043,
,,,,,,,14.43299,
,,,,,,,12.565445,
,,,,,,,24.08377,
,,,,,,,5.555556,
,,,,,,,11.917098,
,,,,,,,24.226804,
,,,,,,,17.346939,
,,,,,,,5.555556,
,,,,,,,23.036649,
,,,,,,,29.100529,
,,,,,,,2.538071,
,,,,,,,10.204082,
,,,,,,,19.587629,
,,,,,,,26.595745,
,,,,,,,4.145078,
,,,,,,,15.544041,
,,,,,,,22.87234,
,,,,,,,19.371728,
,,,,,,,19,
,,,,,,,20.207254,
,,,,,,,17.708333,
,,,,,,,5.699482,
,,,,,,,3.015075,
,,,,,,,17.346939,
,,,,,,,31.443299,
,,,,,,,6.666667,
,,,,,,,6.598985,
,,,,,,,16.243655,
,,,,,,,32.642487,
,,,,,,,12.755102,
,,,,,,,20.3125,
,,,,,,,22.105263,
,,,,,,,24.479167,
,,,,,,,28.125,
,,,,,,,11.675127,
,,,,,,,5.076142,
,,,,,,,16.410256,
,,,,,,,26.315789,
,,,,,,,9.59596,
,,,,,,,5.670103,
,,,,,,,6.532663,
,,,,,,,19.791667,
,,,,,,,32.124352,
,,,,,,,11.616162,
,,,,,,,17.435897,
,,,,,,,23.4375,
,,,,,,,5.181347,
,,,,,,,18.367347,
,,,,,,,25.13369,
,,,,,,,16.666667,
,,,,,,,2.020202,
,,,,,,,4.040404,
,,,,,,,19.587629,
,,,,,,,33.15508,
,,,,,,,4.060914,
,,,,,,,9.183673,
,,,,,,,15.544041,
,,,,,,,29.411765,
,,,,,,,19.791667,
,,,,,,,17.346939,
,,,,,,,19.487179,
,,,,,,,19.895288,
,,,,,,,2,
,,,,,,,12.953368,
,,,,,,,29.032258,
,,,,,,,4.591837,
,,,,,,,13.020833,
,,,,,,,14.285714,
,,,,,,,19.487179,
,,,,,,,28.645833,
,,,,,,,11.675127,
,,,,,,,17.61658,
,,,,,,,21.243523,
,,,,,,,9.230769,
,,,,,,,14.736842,
,,,,,,,30,
,,,,,,,8.673469,
,,,,,,,5.583756,
,,,,,,,19.69697,
,,,,,,,30.851064,
,,,,,,,2,
,,,,,,,15.5,
,,,,,,,20.512821,
,,,,,,,23.036649,
,,,,,,,20,
,,,,,,,22.87234,
,,,,,,,7.653061,
,,,,,,,7.070707,
,,,,,,,17.098446,
,,,,,,,33.862434,
,,,,,,,5.612245,
,,,,,,,13.065327,
,,,,,,,21.134021,
,,,,,,,28.205128,
,,,,,,,3.030303,
,,,,,,,14.871795,
,,,,,,,19.689119,
,,,,,,,22.751323,
,,,,,,,7.653061,
,,,,,,,16.243655,
,,,,,,,19.270833,
,,,,,,,27.083333,
,,,,,,,15.151515,
,,,,,,,24.870466,
,,,,,,,10.10101,
,,,,,,,6.5,
,,,,,,,14.659686,
,,,,,,,30.890052,
,,,,,,,15.151515,
,,,,,,,21.938776,
,,,,,,,25,
,,,,,,,16.923077,
,,,,,,,25.13369,
,,,,,,,12.244898,
,,,,,,,7.179487,
,,,,,,,6.467662,
,,,,,,,14.43299,
,,,,,,,30.208333,
,,,,,,,5.050505,
,,,,,,,6.632653,
,,,,,,,24.352332,
,,,,,,,26.701571,
,,,,,,,14.795918,
,,,,,,,25.257732,
,,,,,,,19.897959,
,,,,,,,7.142857,
,,,,,,,18.686869,
,,,,,,,26.943005,
,,,,,,,8.121827,
,,,,,,,7.035176,
,,,,,,,13.089005,
,,,,,,,28.497409,
,,,,,,,7.142857,
,,,,,,,12.755102,
,,,,,,,23.350254,
,,,,,,,22.279793,
,,,,,,,15.544041,
,,,,,,,28.571429,
,,,,,,,11.917098,
,,,,,,,6.532663,
,,,,,,,15.706806,
,,,,,,,33.505155,
,,,,,,,6.030151,
,,,,,,,5.583756,
,,,,,,,7.216495,
,,,,,,,21.025641,
,,,,,,,23.280423,
,,,,,,,18.75,
,,,,,,,23.529412,
,,,,,,,14.285714,
,,,,,,,7.070707,
,,,,,,,6.930693,
,,,,,,,15.897436,
,,,,,,,30.569948,
,,,,,,,2.538071,
,,,,,,,10.204082,
,,,,,,,21.319797,
,,,,,,,28.272251,
,,,,,,,13.846154,
,,,,,,,25.128205,
,,,,,,,20.512821,
,,,,,,,2.051282,
,,,,,,,3.015075,
,,,,,,,18.781726,
,,,,,,,28.865979,
,,,,,,,6.153846,
,,,,,,,9.547739,
,,,,,,,16.402116,
,,,,,,,32.820513,
,,,,,,,4.188482,
,,,,,,,10.714286,
,,,,,,,18.324607,
,,,,,,,26.42487,
,,,,,,,17.171717,
,,,,,,,23.316062,
,,,,,,,18.041237,
,,,,,,,5.154639,
,,,,,,,2.512563,
,,,,,,,17.708333,
,,,,,,,28.042328,
,,,,,,,5.583756,
,,,,,,,8.955224,
,,,,,,,15.263158,
,,,,,,,31.216931,
,,,,,,,11.794872,
,,,,,,,22.959184,
,,,,,,,20.526316,
,,,,,,,22.395833,
,,,,,,,26.984127,
,,,,,,,11.734694,
,,,,,,,5.527638,
,,,,,,,19.487179,
,,,,,,,29.6875,
,,,,,,,6.030151,
,,,,,,,6.060606,
,,,,,,,7.653061,
,,,,,,,22.051282,
,,,,,,,32.474227,
,,,,,,,12.244898,
,,,,,,,23.589744,
,,,,,,,22.916667,
,,,,,,,6.153846,
,,,,,,,20.103093,
,,,,,,,26.229508,
,,,,,,,10.552764,
,,,,,,,7,
,,,,,,,18.274112,
,,,,,,,33.15508,
,,,,,,,2.030457,
,,,,,,,5.555556,
,,,,,,,5.583756,
,,,,,,,6.060606,
,,,,,,,18.041237,
,,,,,,,27.956989,
,,,,,,,13.131313,
,,,,,,,24.352332,
,,,,,,,20.618557,
,,,,,,,17.525773,
,,,,,,,29.100529,
,,,,,,,8.717949,
,,,,,,,8.121827,
,,,,,,,12.626263,
,,,,,,,28.795812,
,,,,,,,11.282051,
,,,,,,,19.387755,
,,,,,,,26.455026,
,,,,,,,6.091371,
,,,,,,,16.161616,
,,,,,,,30.729167,
,,,,,,,9.137056,
,,,,,,,6.091371,
,,,,,,,18.041237,
,,,,,,,31.979695,
,,,,,,,11.734694,
,,,,,,,9.045226,
,,,,,,,17.346939,
,,,,,,,31.216931,
,,,,,,,9.84456,
,,,,,,,24.479167,
,,,,,,,26.804124,
,,,,,,,2.030457,
,,,,,,,15.544041,
,,,,,,,22.279793,
,,,,,,,19.587629,
,,,,,,,6.060606,
,,,,,,,16.923077,
,,,,,,,30,
,,,,,,,6.598985,
,,,,,,,6.122449,
,,,,,,,18.617021,
,,,,,,,31.413613,
,,,,,,,4.522613,
,,,,,,,7,
,,,,,,,10.204082,
,,,,,,,17.435897,
,,,,,,,21.025641,
,,,,,,,17.766497,
,,,,,,,30.569948,
,,,,,,,13.846154,
,,,,,,,2,
,,,,,,,6.598985,
,,,,,,,12.820513,
,,,,,,,31.413613,
,,,,,,,2.020202,
,,,,,,,10.204082,
,,,,,,,19.587629,
,,,,,,,24.08377,
,,,,,,,15.656566,
,,,,,,,26.086957,
,,,,,,,14.795918,
,,,,,,,6.122449,
,,,,,,,10.471204,
,,,,,,,28.421053,
,,,,,,,3.061224,
,,,,,,,10.552764,
,,,,,,,18.421053,
,,,,,,,25.396825,
,,,,,,,6.122449,
,,,,,,,15.384615,
,,,,,,,22.105263,
,,,,,,,17.1875,
,,,,,,,3.535354,
,,,,,,,2.512563,
,,,,,,,18.518519,
,,,,,,,29.255319,
,,,,,,,9.137056,
,,,,,,,5.612245,
,,,,,,,14.948454,
,,,,,,,32.631579,
,,,,,,,5.102041,
,,,,,,,11.282051,
,,,,,,,14.948454,
,,,,,,,23.036649,
,,,,,,,17.61658,
,,,,,,,18.817204,
,,,,,,,15.384615,
,,,,,,,6.153846,
,,,,,,,3.571429,
,,,,,,,16.230366,
,,,,,,,30.687831,
,,,,,,,4.591837,
,,,,,,,8.080808,
,,,,,,,18.877551,
,,,,,,,32.124352,
,,,,,,,10.659898,
,,,,,,,22.751323,
,,,,,,,20.512821,
,,,,,,,2.525253,
,,,,,,,2.512563,
,,,,,,,18.75,
,,,,,,,27.368421,
,,,,,,,7.575758,
,,,,,,,7.575758,
,,,,,,,13.829787,
,,,,,,,30.729167,
,,,,,,,6.598985,
,,,,,,,12.565445,
,,,,,,,22.513089,
,,,,,,,21.649485,
,,,,,,,17.435897,
,,,,,,,28.645833,
,,,,,,,11.616162,
,,,,,,,4.615385,
,,,,,,,6,
,,,,,,,20.103093,
,,,,,,,32.124352,
,,,,,,,2.030457,
,,,,,,,10.152284,
,,,,,,,21.243523,
,,,,,,,26.315789,
,,,,,,,13.020833,
,,,,,,,27.692308,
,,,,,,,17.171717,
,,,,,,,4.060914,
,,,,,,,3.015075,
,,,,,,,16.145833,
,,,,,,,29.255319,
,,,,,,,6.632653,
,,,,,,,7.142857,
,,,,,,,14.285714,
,,,,,,,30.890052,
,,,,,,,4.639175,
,,,,,,,12.121212,
,,,,,,,19.072165,
,,,,,,,23.157895,
,,,,,,,18.686869,
,,,,,,,21.578947,
,,,,,,,18.877551,
,,,,,,,6.632653,
,,,,,,,4.477612,
,,,,,,,15.957447,
,,,,,,,29.787234,
,,,,,,,5.583756,
,,,,,,,8.673469,
,,,,,,,17.277487,
,,,,,,,33.678756,
,,,,,,,2,
,,,,,,,11.675127,
,,,,,,,14.0625,
,,,,,,,27.692308,
,,,,,,,18.041237,
,,,,,,,23.11828,
,,,,,,,15.816327,
,,,,,,,5.5,
,,,,,,,17.346939,
,,,,,,,30.15873,
,,,,,,,2.55102,
,,,,,,,2,
,,,,,,,5.128205,
,,,,,,,8.247423,
,,,,,,,20,
,,,,,,,27.368421,
,,,,,,,11.917098,
,,,,,,,23.036649,
,,,,,,,17.61658,
,,,,,,,5.641026,
,,,,,,,2.040816,
,,,,,,,13.846154,
,,,,,,,26.17801,
,,,,,,,6.598985,
,,,,,,,7.070707,
,,,,,,,15.897436,
,,,,,,,31.351351,
,,,,,,,11.22449,
,,,,,,,21.761658,
,,,,,,,25,
,,,,,,,3.015075,
,,,,,,,17.766497,
,,,,,,,27.979275,
,,,,,,,10.659898,
,,,,,,,6.091371,
,,,,,,,13.402062,
,,,,,,,31.016043,
,,,,,,,3.517588,
,,,,,,,2.487562,
,,,,,,,8.121827,
,,,,,,,9.230769,
,,,,,,,17.460317,
,,,,,,,26.842105,
,,,,,,,15.463918,
,,,,,,,20.526316,
,,,,,,,19.28934,
,,,,,,,5.102041,
,,,,,,,3.517588,
,,,,,,,2.512563,
,,,,,,,17.525773,
,,,,,,,30.645161,
,,,,,,,8.121827,
,,,,,,,8.585859,
,,,,,,,16.145833,
,,,,,,,31.606218,
,,,,,,,2.538071,
,,,,,,,9.64467,
,,,,,,,17.1875,
,,,,,,,29.166667,
,,,,,,,7.106599,
,,,,,,,13.77551,
,,,,,,,25,
,,,,,,,20.103093,
,,,,,,,19.689119,
,,,,,,,31.443299,
,,,,,,,13.19797,
,,,,,,,7.106599,
,,,,,,,19.587629,
,,,,,,,30.208333,
,,,,,,,2.01005,
,,,,,,,5.050505,
,,,,,,,5.670103,
,,,,,,,10.552764,
,,,,,,,22.164948,
,,,,,,,26.28866,
,,,,,,,16.161616,
,,,,,,,29.842932,
,,,,,,,13.917526,
,,,,,,,5.970149,
,,,,,,,16.753927,
,,,,,,,29.896907,
,,,,,,,6.598985,
,,,,,,,10.050251,
,,,,,,,15.979381,
,,,,,,,29.319372,
,,,,,,,3.535354,
,,,,,,,13.636364,
,,,,,,,21.243523,
,,,,,,,21.989529,
,,,,,,,6.122449,
,,,,,,,20.103093,
,,,,,,,30.412371,
,,,,,,,11.055276,
,,,,,,,6.565657,
,,,,,,,21.717172,
,,,,,,,30.15873,
,,,,,,,7.216495,
,,,,,,,9.793814,
,,,,,,,18.367347,
,,,,,,,27.225131,
,,,,,,,12.953368,
,,,,,,,24.08377,
,,,,,,,13.636364,
,,,,,,,5.025126,
,,,,,,,9.84456,
,,,,,,,27.979275,
,,,,,,,2.020202,
,,,,,,,15.816327,
,,,,,,,17.1875,
,,,,,,,25.263158,
,,,,,,,14.213198,
,,,,,,,28.947368,
,,,,,,,11.675127,
,,,,,,,6.632653,
,,,,,,,5.025126,
,,,,,,,19.59799,
,,,,,,,32.124352,
,,,,,,,4.081633,
,,,,,,,7.653061,
,,,,,,,17.435897,
,,,,,,,27.319588,
,,,,,,,5.612245,
,,,,,,,15.816327,
,,,,,,,23.11828,
,,,,,,,18.181818,
,,,,,,,3.030303,
,,,,,,,18.556701,
,,,,,,,28.191489,
,,,,,,,11.167513,
,,,,,,,5.076142,
,,,,,,,14.285714,
,,,,,,,31.770833,
,,,,,,,12.307692,
,,,,,,,18.229167,
,,,,,,,22.797927,
,,,,,,,18.134715,
,,,,,,,28.723404,
,,,,,,,9.64467,
,,,,,,,6.091371,
,,,,,,,5.583756,
,,,,,,,16.326531,
,,,,,,,29.787234,
,,,,,,,24.489796,
,,,,,,,6.735751,
,,,,,,,19.387755,
,,,,,,,30.526316,
,,,,,,,7.216495,
,,,,,,,12.437811,
,,,,,,,20,
,,,,,,,26.315789,
,,,,,,,3.553299,
,,,,,,,10.714286,
,,,,,,,19.897959,
,,,,,,,18.041237,
,,,,,,,2,
,,,,,,,4,
,,,,,,,18.65285,
,,,,,,,29.842932,
,,,,,,,6.666667,
,,,,,,,7.216495,
,,,,,,,16.931217,
,,,,,,,27.419355,
,,,,,,,11.734694,
,,,,,,,19.895288,
,,,,,,,19.170984,
,,,,,,,5.128205,
,,,,,,,18.134715,
,,,,,,,24.867725,
,,,,,,,6.666667,
,,,,,,,9.5,
,,,,,,,18.134715,
,,,,,,,30.526316,
,,,,,,,5.641026,
,,,,,,,8.717949,
,,,,,,,15.706806,
,,,,,,,32.984293,
,,,,,,,12.690355,
,,,,,,,23.469388,
,,,,,,,26.842105,
,,,,,,,14.646465,
,,,,,,,21.243523,
,,,,,,,25,
,,,,,,,2.01005,
,,,,,,,6.25,
,,,,,,,13.77551,
,,,,,,,25,
,,,,,,,15.384615,
,,,,,,,2.01005,
,,,,,,,4.522613,
,,,,,,,2.512563,
,,,,,,,16.315789,
,,,,,,,29.255319,
,,,,,,,7.575758,
,,,,,,,8.040201,
,,,,,,,15.544041,
,,,,,,,27.225131,
,,,,,,,15.706806,
,,,,,,,21.875,
,,,,,,,16.751269,
,,,,,,,3.553299,
,,,,,,,2.01005,
,,,,,,,4.663212,
,,,,,,,17.1875,
,,,,,,,32.124352,
,,,,,,,8.585859,
,,,,,,,7.070707,
,,,,,,,15.897436,
,,,,,,,32.142857,
,,,,,,,6.25,
,,,,,,,5.527638,
,,,,,,,6.632653,
,,,,,,,18.848168,
,,,,,,,27.368421,
,,,,,,,7,
,,,,,,,13.846154,
,,,,,,,23.857868,
,,,,,,,22.513089,
,,,,,,,14.285714,
,,,,,,,30.729167,
,,,,,,,5.583756,
,,,,,,,5.641026,
,,,,,,,8.629442,
,,,,,,,16.580311,
,,,,,,,26.17801,
,,,,,,,14.948454,
,,,,,,,28.571429,
,,,,,,,24.742268,
,,,,,,,4,
,,,,,,,11.734694,
,,,,,,,30.645161,
,,,,,,,3.571429,
,,,,,,,7.216495,
,,,,,,,17.857143,
,,,,,,,24.60733,
,,,,,,,18,
,,,,,,,23.280423,
,,,,,,,11.442786,
,,,,,,,7.614213,
,,,,,,,20.197044,
,,,,,,,32.307692,
,,,,,,,12.755102,
,,,,,,,22.38806,
,,,,,,,21.243523,
,,,,,,,7.179487,
,,,,,,,18.367347,
,,,,,,,25,
,,,,,,,6.565657,
,,,,,,,9.452736,
,,,,,,,17.098446,
,,,,,,,31.052632,
,,,,,,,8.247423,
,,,,,,,8.673469,
,,,,,,,21.875,
,,,,,,,26.5625,
,,,,,,,2.020202,
,,,,,,,14.358974,
,,,,,,,26.842105,
,,,,,,,16.580311,
,,,,,,,3.015075,
,,,,,,,19.28934,
,,,,,,,31.578947,
,,,,,,,6.030151,
,,,,,,,9.137056,
,,,,,,,15.463918,
,,,,,,,28.191489,
,,,,,,,2.01005,
,,,,,,,12.5,
,,,,,,,19.072165,
,,,,,,,22.680412,
,,,,,,,3.626943,
,,,,,,,20.20202,
,,,,,,,28.795812,
,,,,,,,7.179487,
,,,,,,,7.035176,
,,,,,,,17.910448,
,,,,,,,31.794872,
,,,,,,,8.080808,
,,,,,,,12.244898,
,,,,,,,13.77551,
,,,,,,,22.631579,
,,,,,,,16.230366,
,,,,,,,28.042328,
,,,,,,,10.152284,
,,,,,,,6.091371,
,,,,,,,16.751269,
,,,,,,,31.746032,
,,,,,,,2.525253,
,,,,,,,12.626263,
,,,,,,,17.098446,
,,,,,,,23.560209,
,,,,,,,15.897436,
,,,,,,,29.032258,
,,,,,,,7.614213,
,,,,,,,6.122449,
,,,,,,,7.537688,
,,,,,,,17.61658,
,,,,,,,30.208333,
,,,,,,,9.183673,
,,,,,,,19.387755,
,,,,,,,24.226804,
,,,,,,,4.210526,
,,,,,,,17.010309,
,,,,,,,27.368421,
,,,,,,,8.163265,
,,,,,,,6.091371,
,,,,,,,15.306122,
,,,,,,,32.804233,
,,,,,,,2.525253,
,,,,,,,10.880829,
,,,,,,,24.489796,
,,,,,,,24.210526,
,,,,,,,20.100503,
,,,,,,,24.867725,
,,,,,,,6.666667,
,,,,,,,7.614213,
,,,,,,,20.103093,
,,,,,,,32.124352,
,,,,,,,2.525253,
,,,,,,,6.153846,
,,,,,,,8.673469,
,,,,,,,17.346939,
,,,,,,,27.835052,
,,,,,,,5.527638,
,,,,,,,7.731959,
,,,,,,,23.560209,
,,,,,,,10.204082,
,,,,,,,5.555556,
,,,,,,,16.666667,
,,,,,,,31.052632,
,,,,,,,3.030303,
,,,,,,,12.244898,
,,,,,,,17.948718,
,,,,,,,27.225131,
,,,,,,,2.01005,
,,,,,,,14.43299,
,,,,,,,23.036649,
,,,,,,,22.797927,
,,,,,,,2.040816,
,,,,,,,6.122449,
,,,,,,,15.183246,
,,,,,,,33.507853,
,,,,,,,8.080808,
,,,,,,,5.050505,
,,,,,,,18.556701,
,,,,,,,28.877005,
,,,,,,,11.167513,
,,,,,,,9.045226,
,,,,,,,19.689119,
,,,,,,,27.225131,
,,,,,,,15.228426,
,,,,,,,25.520833,
,,,,,,,21.052632,
,,,,,,,16.580311,
,,,,,,,23.809524,
,,,,,,,6.122449,
,,,,,,,7.614213,
,,,,,,,3.061224,
,,,,,,,16.753927,
,,,,,,,31.578947,
,,,,,,,10.824742,
,,,,,,,20.103093,
,,,,,,,26.984127,
,,,,,,,4.020101,
,,,,,,,17.58794,
,,,,,,,28.571429,
,,,,,,,9.693878,
,,,,,,,2.985075,
,,,,,,,6.5,
,,,,,,,22.222222,
,,,,,,,29.842932,
,,,,,,,11.557789,
,,,,,,,17.525773,
,,,,,,,25.388601,
,,,,,,,6.153846,
,,,,,,,15.384615,
,,,,,,,24.338624,
,,,,,,,19.487179,
,,,,,,,20.3125,
,,,,,,,21.827411,
,,,,,,,28.042328,
,,,,,,,8.629442,
,,,,,,,5.102041,
,,,,,,,5.583756,
,,,,,,,15.789474,
,,,,,,,29.787234,
,,,,,,,3.9801,
,,,,,,,11.111111,
,,,,,,,25,
,,,,,,,26.701571,
,,,,,,,2.01005,
,,,,,,,14.948454,
,,,,,,,26.17801,
,,,,,,,16.751269,
,,,,,,,20.618557,
,,,,,,,4.040404,
,,,,,,,17.435897,
,,,,,,,29.189189,
,,,,,,,6.060606,
,,,,,,,7.653061,
,,,,,,,17.098446,
,,,,,,,30.927835,
,,,,,,,5.583756,
,,,,,,,11.85567,
,,,,,,,22.051282,
,,,,,,,17.525773,
,,,,,,,3.030303,
,,,,,,,19.28934,
,,,,,,,28.494624,
,,,,,,,10.10101,
,,,,,,,5.670103,
,,,,,,,6.091371,
,,,,,,,13.917526,
,,,,,,,31.088083,
,,,,,,,3.535354,
,,,,,,,10.552764,
,,,,,,,19.487179,
,,,,,,,31.25,
,,,,,,,13.636364,
,,,,,,,23.036649,
,,,,,,,19.072165,
,,,,,,,10.204082,
,,,,,,,13.77551,
,,,,,,,26.344086,
,,,,,,,10.659898,
,,,,,,,5.641026,
,,,,,,,5.583756,
,,,,,,,19.387755,
,,,,,,,30.15873,
,,,,,,,3.015075,
,,,,,,,15.463918,
,,,,,,,5.583756,
,,,,,,,9.326425,
,,,,,,,20.207254,
,,,,,,,25.925926,
,,,,,,,7.653061,
,,,,,,,16.326531,
,,,,,,,20.942408,
,,,,,,,20.833333,
,,,,,,,3,
,,,,,,,20.812183,
,,,,,,,31.413613,
,,,,,,,5.050505,
,,,,,,,8.629442,
,,,,,,,16.243655,
,,,,,,,27.368421,
,,,,,,,17.098446,
,,,,,,,21.693122,
,,,,,,,18.974359,
,,,,,,,2.030457,
,,,,,,,19.897959,
,,,,,,,24.736842,
,,,,,,,8.080808,
,,,,,,,7.106599,
,,,,,,,5.641026,
,,,,,,,21.319797,
,,,,,,,31.216931,
,,,,,,,12.244898,
,,,,,,,19.270833,
,,,,,,,24.60733,
,,,,,,,5.641026,
,,,,,,,15.306122,
,,,,,,,26.395939,
,,,,,,,17.258883,
,,,,,,,4,
,,,,,,,17.525773,
,,,,,,,33.333333,
,,,,,,,5.025126,
,,,,,,,11.5,
,,,,,,,20,
,,,,,,,31.052632,
,,,,,,,11.282051,
,,,,,,,9.045226,
,,,,,,,20.942408,
,,,,,,,20.526316,
,,,,,,,18.848168,
,,,,,,,25.789474,
,,,,,,,15.463918,
,,,,,,,5.583756,
,,,,,,,19.047619,
,,,,,,,30.687831,
,,,,,,,2.525253,
,,,,,,,10.824742,
,,,,,,,23.404255,
,,,,,,,25.925926,
,,,,,,,14.0625,
,,,,,,,23.404255,
,,,,,,,16.410256,
,,,,,,,6.565657,
,,,,,,,17.010309,
,,,,,,,32.984293,
,,,,,,,6.565657,
,,,,,,,7.575758,
,,,,,,,20.618557,
,,,,,,,32.984293,
,,,,,,,6.091371,
,,,,,,,5.555556,
,,,,,,,16.753927,
,,,,,,,31.25,
,,,,,,,7.035176,
,,,,,,,7.575758,
,,,,,,,13.157895,
,,,,,,,32.804233,
,,,,,,,11.111111,
,,,,,,,16.315789,
,,,,,,,22.797927,
,,,,,,,14.948454,
,,,,,,,27.225131,
,,,,,,,8.163265,
,,,,,,,5.612245,
,,,,,,,14.583333,
,,,,,,,31.606218,
,,,,,,,2.01005,
,,,,,,,5.102041,
,,,,,,,10.10101,
,,,,,,,19.270833,
,,,,,,,26.455026,
,,,,,,,15.306122,
,,,,,,,24.479167,
,,,,,,,17.525773,
,,,,,,,5.612245,
,,,,,,,4.020101,
,,,,,,,16.145833,
,,,,,,,28.125,
,,,,,,,5.102041,
,,,,,,,9,
,,,,,,,13.020833,
,,,,,,,32.085561,
,,,,,,,9.326425,
,,,,,,,20.207254,
,,,,,,,25.13089,
,,,,,,,5.025126,
,,,,,,,13.989637,
,,,,,,,22.513089,
,,,,,,,17.010309,
,,,,,,,3.517588,
,,,,,,,12.244898,
,,,,,,,31.770833,
,,,,,,,2.538071,
,,,,,,,7.537688,
,,,,,,,10.152284,
,,,,,,,16.080402,
,,,,,,,27.979275,
,,,,,,,12.307692,
,,,,,,,23.157895,
,,,,,,,11.22449,
,,,,,,,2.040816,
,,,,,,,6.060606,
,,,,,,,15.544041,
,,,,,,,31.088083,
,,,,,,,3.030303,
,,,,,,,8.673469,
,,,,,,,19.148936,
,,,,,,,27.835052,
,,,,,,,14.213198,
,,,,,,,30.890052,
,,,,,,,9.59596,
,,,,,,,6.565657,
,,,,,,,21.025641,
,,,,,,,29.787234,
,,,,,,,4.060914,
,,,,,,,11.85567,
,,,,,,,20.103093,
,,,,,,,25.520833,
,,,,,,,5.181347,
,,,,,,,17.010309,
,,,,,,,24.742268,
,,,,,,,16.410256,
,,,,,,,3.535354,
,,,,,,,18.229167,
,,,,,,,31.472081,
,,,,,,,8.673469,
,,,,,,,5.612245,
,,,,,,,7.035176,
,,,,,,,16.410256,
,,,,,,,28.645833,
,,,,,,,2.55102,
,,,,,,,11.5,
,,,,,,,19.270833,
,,,,,,,29.569892,
,,,,,,,15.736041,
,,,,,,,26.804124,
,,,,,,,20.103093,
,,,,,,,12.169312,
,,,,,,,26.344086,
,,,,,,,8.673469,
,,,,,,,6.060606,
,,,,,,,16.230366,
,,,,,,,31.25,
,,,,,,,5.050505,
,,,,,,,6.666667,
,,,,,,,9.090909,
,,,,,,,19.270833,
,,,,,,,28.421053,
,,,,,,,15.5,
,,,,,,,21.578947,
,,,,,,,21.025641,
,,,,,,,6.153846,
,,,,,,,16.836735,
,,,,,,,32.642487,
,,,,,,,5.612245,
,,,,,,,7.575758,
,,,,,,,20,
,,,,,,,29.946524,
,,,,,,,15.151515,
,,,,,,,25.380711,
,,,,,,,21.052632,
,,,,,,,4.568528,
,,,,,,,22.680412,
,,,,,,,29.787234,
,,,,,,,10.152284,
,,,,,,,6.532663,
,,,,,,,14.948454,
,,,,,,,31.578947,
,,,,,,,3.015075,
,,,,,,,2,
,,,,,,,6.565657,
,,,,,,,10.769231,
,,,,,,,11.167513,
,,,,,,,9.230769,
,,,,,,,32.291667,
,,,,,,,6.185567,
,,,,,,,13.636364,
,,,,,,,22.680412,
,,,,,,,22.395833,
,,,,,,,16.062176,
,,,,,,,23.809524,
,,,,,,,20.942408,
,,,,,,,4.545455,
,,,,,,,15.025907,
,,,,,,,29.319372,
,,,,,,,5.102041,
,,,,,,,9.59596,
,,,,,,,23.316062,
,,,,,,,29.166667,
,,,,,,,10.204082,
,,,,,,,18.75,
,,,,,,,32.460733,
,,,,,,,4.639175,
,,,,,,,11.616162,
,,,,,,,19.791667,
,,,,,,,24.479167,
,,,,,,,2.020202,
,,,,,,,15.025907,
,,,,,,,28.042328,
,,,,,,,11.557789,
,,,,,,,6.122449,
,,,,,,,6,
,,,,,,,20.304569,
,,,,,,,31.958763,
,,,,,,,3.045685,
,,,,,,,11.22449,
,,,,,,,21.428571,
,,,,,,,25.520833,
,,,,,,,14.285714,
,,,,,,,30.927835,
,,,,,,,10.204082,
,,,,,,,3.553299,
,,,,,,,5.050505,
,,,,,,,19.072165,
,,,,,,,30.890052,
,,,,,,,16.666667,
,,,,,,,5.102041,
,,,,,,,9.793814,
,,,,,,,19.191919,
,,,,,,,25,
,,,,,,,6.185567,
,,,,,,,16.243655,
,,,,,,,28.571429,
,,,,,,,11.794872,
,,,,,,,2,
,,,,,,,5.5,
,,,,,,,14.210526,
,,,,,,,33.684211,
,,,,,,,3.061224,
,,,,,,,10.050251,
,,,,,,,19.897959,
,,,,,,,24.615385,
,,,,,,,24.102564,
,,,,,,,27.083333,
,,,,,,,10.659898,
,,,,,,,6.030151,
,,,,,,,18.65285,
,,,,,,,31.216931,
,,,,,,,3.535354,
,,,,,,,5.154639,
,,,,,,,9.230769,
,,,,,,,17.647059,
,,,,,,,29.842932,
,,,,,,,13.19797,
,,,,,,,18.556701,
,,,,,,,25.257732,
,,,,,,,9.090909,
,,,,,,,18.686869,
,,,,,,,28.795812,
,,,,,,,11.167513,
,,,,,,,6.467662,
,,,,,,,18.134715,
,,,,,,,34.554974,
,,,,,,,3.589744,
,,,,,,,11,
,,,,,,,19.28934,
,,,,,,,24.736842,
,,,,,,,18.75,
,,,,,,,23.809524,
,,,,,,,12.182741,
,,,,,,,6.5,
,,,,,,,21.243523,
,,,,,,,31.746032,
,,,,,,,4.591837,
,,,,,,,5.154639,
,,,,,,,10.050251,
,,,,,,,21.649485,
,,,,,,,30.366492,
,,,,,,,2.5,
,,,,,,,15.075377,
,,,,,,,21.761658,
,,,,,,,24.08377,
,,,,,,,6.185567,
,,,,,,,11.398964,
,,,,,,,27.567568,
,,,,,,,15.228426,
,,,,,,,5.025126,
,,,,,,,11.85567,
,,,,,,,31.914894,
,,,,,,,3.045685,
,,,,,,,11.111111,
,,,,,,,18.367347,
,,,,,,,21.465969,
,,,,,,,19.170984,
,,,,,,,30.729167,
,,,,,,,8.629442,
,,,,,,,6.598985,
,,,,,,,19.69697,
,,,,,,,32.989691,
,,,,,,,6.122449,
,,,,,,,10.659898,
,,,,,,,18.75,
,,,,,,,27.894737,
,,,,,,,11.675127,
,,,,,,,23.684211,
,,,,,,,11.734694,
,,,,,,,4.615385,
,,,,,,,5.527638,
,,,,,,,19.28934,
,,,,,,,31.937173,
,,,,,,,3.061224,
,,,,,,,10.050251,
,,,,,,,18.27957,
,,,,,,,30.208333,
,,,,,,,11.675127,
,,,,,,,23.560209,
,,,,,,,10.10101,
,,,,,,,6.091371,
,,,,,,,18.324607,
,,,,,,,30.890052,
,,,,,,,3.535354,
,,,,,,,6,
,,,,,,,9.137056,
,,,,,,,22.44898,
,,,,,,,31.088083,
,,,,,,,3.626943,
,,,,,,,13.705584,
,,,,,,,22.916667,
,,,,,,,19.072165,
,,,,,,,12.953368,
,,,,,,,29.72973,
,,,,,,,4.568528,
,,,,,,,9.59596,
,,,,,,,21.827411,
,,,,,,,27.748691,
,,,,,,,12.820513,
,,,,,,,23.11828,
,,,,,,,15.736041,
,,,,,,,4.545455,
,,,,,,,16.315789,
,,,,,,,31.216931,
,,,,,,,5.583756,
,,,,,,,10.25641,
,,,,,,,19.270833,
,,,,,,,27.979275,
,,,,,,,13.402062,
,,,,,,,18.877551,
,,,,,,,24.210526,
,,,,,,,6.153846,
,,,,,,,17.435897,
,,,,,,,23.809524,
,,,,,,,18.877551,
,,,,,,,5.025126,
,,,,,,,18.556701,
,,,,,,,32.642487,
,,,,,,,9.64467,
,,,,,,,6.030151,
,,,,,,,17.1875,
,,,,,,,8.080808,
,,,,,,,9.693878,
,,,,,,,26.5625,
,,,,,,,13.77551,
,,,,,,,21.195652,
,,,,,,,16.836735,
,,,,,,,6.091371,
,,,,,,,4.545455,
,,,,,,,16.923077,
,,,,,,,30.851064,
,,,,,,,5.555556,
,,,,,,,9.137056,
,,,,,,,18.090452,
,,,,,,,28.723404,
,,,,,,,6.565657,
,,,,,,,2,
,,,,,,,11.917098,
,,,,,,,24.226804,
,,,,,,,18.134715,
,,,,,,,16.923077,
,,,,,,,29.100529,
,,,,,,,8.629442,
,,,,,,,6.598985,
,,,,,,,17.948718,
,,,,,,,30.15873,
,,,,,,,2.487562,
,,,,,,,9.84456,
,,,,,,,15.706806,
,,,,,,,25.263158,
,,,,,,,15.463918,
,,,,,,,26.530612,
,,,,,,,18.974359,
,,,,,,,8.121827,
,,,,,,,3.030303,
,,,,,,,14.948454,
,,,,,,,29.62963,
,,,,,,,6.598985,
,,,,,,,7.575758,
,,,,,,,18.877551,
,,,,,,,33.160622,
,,,,,,,6.153846,
,,,,,,,10.714286,
,,,,,,,12.953368,
,,,,,,,23.036649,
,,,,,,,16.923077,
,,,,,,,25.396825,
,,,,,,,14.358974,
,,,,,,,5,
,,,,,,,14.948454,
,,,,,,,32.124352,
,,,,,,,15.897436,
,,,,,,,15.816327,
,,,,,,,25.906736,
,,,,,,,15.104167,
,,,,,,,29.015544,
,,,,,,,15.075377,
,,,,,,,4.123711,
,,,,,,,5.527638,
,,,,,,,17.525773,
,,,,,,,30.769231,
,,,,,,,5.583756,
,,,,,,,8.585859,
,,,,,,,18.65285,
,,,,,,,30.526316,
,,,,,,,5.181347,
,,,,,,,11.340206,
,,,,,,,20.20202,
,,,,,,,24.210526,
,,,,,,,2.01005,
,,,,,,,16.494845,
,,,,,,,29.569892,
,,,,,,,9.183673,
,,,,,,,5.612245,
,,,,,,,18.686869,
,,,,,,,31.052632,
,,,,,,,8.717949,
,,,,,,,14.285714,
,,,,,,,12,
,,,,,,,16.315789,
,,,,,,,24.210526,
,,,,,,,15.463918,
,,,,,,,26.455026,
,,,,,,,12.820513,
,,,,,,,4.123711,
,,,,,,,6.030151,
,,,,,,,17.085427,
,,,,,,,30.890052,
,,,,,,,5.025126,
,,,,,,,9.547739,
,,,,,,,21.319797,
,,,,,,,31.052632,
,,,,,,,5.181347,
,,,,,,,11.557789,
,,,,,,,21.649485,
,,,,,,,24.479167,
,,,,,,,14.141414,
,,,,,,,30.481283,
,,,,,,,7.575758,
,,,,,,,7.653061,
,,,,,,,15.343915,
,,,,,,,27.979275,
,,,,,,,17.346939,
,,,,,,,23.958333,
,,,,,,,15.306122,
,,,,,,,5.050505,
,,,,,,,16.753927,
,,,,,,,31.578947,
,,,,,,,8.040201,
,,,,,,,9.59596,
,,,,,,,8.585859,
,,,,,,,29.100529,
,,,,,,,8.629442,
,,,,,,,7.070707,
,,,,,,,20,
,,,,,,,31.052632,
,,,,,,,8.717949,
,,,,,,,7.692308,
,,,,,,,16.842105,
,,,,,,,26.28866,
,,,,,,,2.01005,
,,,,,,,13.471503,
,,,,,,,27.692308,
,,,,,,,16.145833,
,,,,,,,3.517588,
,,,,,,,14.893617,
,,,,,,,26.984127,
,,,,,,,9.59596,
,,,,,,,7.142857,
,,,,,,,18.041237,
,,,,,,,31.937173,
,,,,,,,2.051282,
,,,,,,,8.673469,
,,,,,,,19.487179,
,,,,,,,29.381443,
,,,,,,,5.102041,
,,,,,,,12.182741,
,,,,,,,25.128205,
,,,,,,,20,
,,,,,,,2.020202,
,,,,,,,22.110553,
,,,,,,,24.873096,
,,,,,,,23.036649,
,,,,,,,3.517588,
,,,,,,,17.1875,
,,,,,,,28.723404,
,,,,,,,6.598985,
,,,,,,,2.01005,
,,,,,,,5.555556,
,,,,,,,5.641026,
,,,,,,,3.015075,
,,,,,,,21.649485,
,,,,,,,28.795812,
,,,,,,,14.213198,
,,,,,,,24.468085,
,,,,,,,19.487179,
,,,,,,,6.632653,
,,,,,,,12.755102,
,,,,,,,24.352332,
,,,,,,,16.161616,
,,,,,,,2.01005,
,,,,,,,15.544041,
,,,,,,,29.319372,
,,,,,,,3.571429,
,,,,,,,8.585859,
,,,,,,,15.957447,
,,,,,,,26.06383,
,,,,,,,20.725389,
,,,,,,,23.809524,
,,,,,,,18.461538,
,,,,,,,4.5,
,,,,,,,18.556701,
,,,,,,,31.578947,
,,,,,,,5.612245,
,,,,,,,5.102041,
,,,,,,,7.614213,
,,,,,,,13.756614,
,,,,,,,29.842932,
,,,,,,,12.371134,
,,,,,,,16.580311,
,,,,,,,26.804124,
,,,,,,,6.666667,
,,,,,,,5.555556,
,,,,,,,8.673469,
,,,,,,,22.916667,
,,,,,,,21.428571,
,,,,,,,6.632653,
,,,,,,,2.512563,
,,,,,,,16.326531,
,,,,,,,30.687831,
,,,,,,,5.102041,
,,,,,,,8.629442,
,,,,,,,17.801047,
,,,,,,,30.107527,
,,,,,,,12.060302,
,,,,,,,20.526316,
,,,,,,,25.13089,
,,,,,,,18.041237,
,,,,,,,23.4375,
,,,,,,,17.948718,
,,,,,,,3.553299,
,,,,,,,17.085427,
,,,,,,,30.15873,
,,,,,,,5.583756,
,,,,,,,6.632653,
,,,,,,,8.585859,
,,,,,,,20.3125,
,,,,,,,30.051813,
,,,,,,,2.01005,
,,,,,,,12.244898,
,,,,,,,20.603015,
,,,,,,,23.958333,
,,,,,,,4.145078,
,,,,,,,17.1875,
,,,,,,,30.25641,
,,,,,,,8.717949,
,,,,,,,6.030151,
,,,,,,,16.062176,
,,,,,,,34.031414,
,,,,,,,10.714286,
,,,,,,,21.134021,
,,,,,,,23.560209,
,,,,,,,3.5,
,,,,,,,19.170984,
,,,,,,,30.366492,
,,,,,,,10.606061,
,,,,,,,5.076142,
,,,,,,,17.1875,
,,,,,,,31.578947,
,,,,,,,3.553299,
,,,,,,,5.583756,
,,,,,,,9.183673,
,,,,,,,20.3125,
,,,,,,,30.051813,
,,,,,,,13.846154,
,,,,,,,21.60804,
,,,,,,,25,
,,,,,,,2.040816,
,,,,,,,20.603015,
,,,,,,,29.381443,
,,,,,,,10.25641,
,,,,,,,5.527638,
,,,,,,,17.61658,
,,,,,,,32.105263,
,,,,,,,5.583756,
,,,,,,,8.585859,
,,,,,,,18.085106,
,,,,,,,26.315789,
,,,,,,,18.274112,
,,,,,,,23.560209,
,,,,,,,16.751269,
,,,,,,,5,
,,,,,,,17.525773,
,,,,,,,30.481283,
,,,,,,,6.060606,
,,,,,,,4.477612,
,,,,,,,4.591837,
,,,,,,,3.030303,
,,,,,,,16.062176,
,,,,,,,28.494624,
,,,,,,,14.141414,
,,,,,,,25.396825,
,,,,,,,19.587629,
,,,,,,,3,
,,,,,,,18.686869,
,,,,,,,27.225131,
,,,,,,,8.585859,
,,,,,,,9.090909,
,,,,,,,17.857143,
,,,,,,,30.729167,
,,,,,,,12.307692,
,,,,,,,25,
,,,,,,,18.556701,
,,,,,,,3.030303,
,,,,,,,18.229167,
,,,,,,,30,
,,,,,,,8.585859,
,,,,,,,7.142857,
,,,,,,,15.343915,
,,,,,,,31.282051,
,,,,,,,4.736842,
,,,,,,,13.065327,
,,,,,,,15.789474,
,,,,,,,26.842105,
,,,,,,,12.886598,
,,,,,,,25,
,,,,,,,17.1875,
,,,,,,,2.040816,
,,,,,,,17.277487,
,,,,,,,29.569892,
,,,,,,,6.565657,
,,,,,,,8.717949,
,,,,,,,16.062176,
,,,,,,,29.166667,
,,,,,,,5.527638,
,,,,,,,2.01005,
,,,,,,,7.772021,
,,,,,,,17.435897,
,,,,,,,28.645833,
,,,,,,,19.897959,
,,,,,,,24.468085,
,,,,,,,8.629442,
,,,,,,,5.612245,
,,,,,,,16.230366,
,,,,,,,29.74359,
,,,,,,,5.025126,
,,,,,,,10.9375,
,,,,,,,22.84264,
,,,,,,,18.041237,
,,,,,,,2.525253,
,,,,,,,18.877551,
,,,,,,,27.807487,
,,,,,,,4.081633,
,,,,,,,10.824742,
,,,,,,,18.324607,
,,,,,,,32.275132,
,,,,,,,5.583756,
,,,,,,,2,
,,,,,,,6.153846,
,,,,,,,6.153846,
,,,,,,,6.091371,
,,,,,,,5.128205,
,,,,,,,6.122449,
,,,,,,,6.060606,
,,,,,,,6.598985,
,,,,,,,2,
,,,,,,,6.122449,