1014496,1112588,1047080,1044852,1105644,1040928,1038628,1194580,1030464
1014496,1112588,1047076,1044852,1105644,1040928,1038624,1199088,1030464
1014496,1112588,1047076,1044844,1105644,1040928,1038624,1196304,1030464
1014488,1112588,1047076,1044844,1105644,1040928,1038624,1196304,1030464
1024152,1112588,1047076,1044840,1106148,1040928,1038624,1190944,1030464
1064904,1112588,1101000,1045568,1106148,1040928,1038872,1195200,1030452
1042912,1112828,1093864,1058200,1106148,1097120,1038872,1195192,1030452
1043348,1112828,1096132,1063228,1106148,1098356,1038872,1195444,1030444
1043848,1112828,1102432,1051980,1106148,1104644,1039600,1194764,1030428
1043848,1112828,,1036764,1106144,1104884,1059296,1195004,1030428
1043824,1113080,,1036716,1106144,1107124,1057856,1195480,1030428
1043824,1137556,,1036708,1106132,1101860,1052372,1197908,1081836
,1153604,,1036708,1106132,1097612,1054420,1197868,1081836
,1166960,,1037212,1106132,1105676,1050408,1198092,1087940
,1162728,,1037204,1106384,1101544,1056148,1194344,1101284
,1162728,,1037204,1106384,1107832,1047724,1194596,1105316
,1162676,,1037204,1106292,1093312,1055192,1195516,1098564
,1162676,,1037204,1106156,1099612,1066104,1208744,1102584
,1162676,,,1106156,1097820,1053840,1208744,1096664
,1178096,,,1106156,1093420,1058580,1208996,1100688
,1186032,,,1106156,1099720,1046636,1186764,1104716
,1186012,,,1106156,1105768,1046344,1186764,1098636
,1186012,,,1106156,1090828,1046172,1195064,1102668
,1186012,,,1106156,1099144,1046160,1198800,1094824
,1190916,,,1106408,1094928,1046160,1198800,1100872
,1200796,,,1106408,1100976,1046160,1192008,1087536
,1204556,,,1106408,1096904,1046152,1203132,1093828
,1204556,,,1106400,1105208,,1203132,1102132
,1204556,,,1106400,1101128,,1196184,1098392
,1204556,,,1106400,1097048,,1197924,1094808
,1204484,,,1125332,1103580,,1197924,1090508
,1190768,,,1141832,1099412,,1187444,1096808
,1196936,,,1154432,1097528,,1187444,1095000
,1196936,,,1170812,1093580,,1187892,1101300
,1196936,,,1155240,1099876,,1190172,1097916
,1197188,,,1155188,1096584,,1175608,1093628
,1197188,,,1155188,1091420,,1199768,1100420
,1203888,,,1155188,1099480,,1198664,1108728
,1204816,,,1155188,1099728,,1198664,1101800
,1205068,,,1183760,1088624,,1198916,1096468
,1205068,,,1183760,1045028,,1206204,1091984
,1205068,,,1183748,1045028,,1206456,1098272
,1191008,,,1183748,1045028,,1207800,1096052
,1204084,,,1183620,1045028,,1201476,1102100
,1204108,,,1183620,1045028,,1201476,1088348
,1204360,,,1183600,1045028,,1208996,1094396
,1204368,,,1183600,1045280,,1206760,1100444
,1204368,,,1183600,1045268,,1206760,1088048
,1204368,,,1183600,1045268,,1193784,1094096
,1204816,,,1183492,1045268,,1205592,1089984
,1204332,,,1183488,1045096,,1205844,1096524
,1209284,,,1188624,1044984,,1204584,1092476
,1209284,,,1189624,1044984,,1205784,1089828
,1209284,,,1189624,1044984,,1205784,1096368
,1209284,,,1189624,1044984,,1197952,1102668
,1209508,,,1189624,1044980,,1197920,1098616
,1203336,,,1189624,1044720,,1197920,1094260
,1204084,,,1200152,1044720,,1197920,1092060
,1204084,,,1200396,1044720,,1197920,1098108
,1204084,,,1200396,1044720,,1206024,1094236
,1204228,,,1200396,1044720,,1206024,1098268
,1204224,,,1200396,1044720,,1206024,1088296
,1205204,,,1207720,1044720,,1198968,1088296
,1205204,,,1187412,1044720,,1198968,1092328
,1205204,,,1187412,1044720,,1199192,1085892
,1205204,,,1187412,1044032,,1201508,1092192
,1205068,,,1187412,1043964,,1201508,1088320
,1209368,,,1188564,,,1190916,1094620
,1202820,,,1188472,,,1199124,1092252
,1202820,,,1190540,,,1199124,1098300
,1202820,,,1190540,,,1195444,1093936
,1202820,,,1190540,,,1195780,1100224
,1203268,,,1190792,,,1195764,1096032
,1202768,,,1190792,,,1199440,1094220
,1207680,,,1188740,,,1200664,1090144
,1207932,,,1191352,,,1200664,1096696
,1207932,,,1191352,,,1197848,1092776
,1207932,,,1191352,,,1197816,1088484
,1207932,,,1191352,,,1197816,1097048
,1121016,,,1191352,,,1200624,1093568
,1120656,,,1190700,,,1200624,1099616
,1120656,,,1193836,,,1200876,1095032
,1120656,,,1193836,,,1198132,1101332
,1120656,,,1193836,,,1198384,1099780
,1120656,,,1193836,,,1203188,1095016
,1120656,,,1193836,,,1204684,1101064
,1120656,,,1182928,,,1204684,1096796
,1120656,,,1183928,,,1192592,1102844
,,,,1183928,,,1204140,1090756
,,,,1183928,,,1204896,1097556
,,,,1184152,,,1194808,1093492
,,,,1184152,,,1196132,1088624
,,,,1182328,,,1196356,1094672
,,,,1183752,,,1196504,1098704
,,,,1183752,,,1196988,1101948
,,,,1183752,,,1197212,1092956
,,,,1183976,,,1202312,1087140
,,,,1188708,,,1202516,1082820
,,,,1183240,,,1202516,1089364
,,,,1183448,,,1198128,1095664
,,,,1183448,,,1198128,1091092
,,,,1183448,,,1198128,1089092
,,,,1183448,,,1196944,1095380
,,,,1183444,,,1196944,1091204
,,,,1183668,,,1196944,1097756
,,,,1176804,,,1197744,1084880
,,,,1185596,,,1197744,1090928
,,,,1185596,,,1205488,1097480
,,,,1185596,,,1200300,1083224
,,,,1185596,,,1200552,1091024
,,,,1186044,,,1198272,1088728
,,,,1189584,,,1202960,1084660
,,,,1190456,,,1203176,1091208
,,,,1190456,,,1203260,1097496
,,,,1190680,,,1203692,1093352
,,,,1190680,,,1203692,1091284
,,,,1190680,,,1199520,1097332
,,,,1189020,,,1200248,1093100
,,,,1189268,,,1200496,1088248
,,,,1189516,,,1200496,1095304
,,,,1189516,,,1206168,1092756
,,,,1189740,,,1206144,1089164
,,,,1183344,,,1206396,1095464
,,,,1193112,,,1197864,1095712
,,,,1193112,,,1197864,1101244
,,,,1193360,,,1197860,1105524
,,,,1193360,,,1198560,1087960
,,,,1193360,,,1204580,1094256
,,,,1180888,,,1204576,1089960
,,,,1183328,,,1205276,1096504
,,,,1183328,,,1206044,1094008
,,,,1183328,,,1206044,1089408
,,,,1183804,,,1182648,1095456
,,,,1184028,,,1198200,1091272
,,,,1180432,,,1198452,1097572
,,,,1180536,,,1189112,1095076
,,,,1180536,,,1190816,1091456
,,,,1180536,,,1190816,1087320
,,,,1180788,,,1201172,1093620
,,,,1180788,,,1202384,1088604
,,,,1172716,,,1202384,1097172
,,,,1182260,,,1203580,1082436
,,,,1182260,,,1203580,1088732
,,,,1182260,,,1193832,1094780
,,,,1182512,,,1121616,1090628
,,,,1182736,,,1121616,1088324
,,,,1185200,,,1099932,1084260
,,,,1185420,,,1115892,1090808
,,,,1185420,,,1115892,1086488
,,,,1185420,,,1115892,1092768
,,,,1171536,,,1115876,1090172
,,,,1172608,,,1115876,1094708
,,,,1187364,,,1115876,1098992
,,,,1192840,,,1115876,1092532
,,,,1192840,,,1115876,1095304
,,,,1192840,,,1115876,1095792
,,,,1192840,,,1115868,1089364
,,,,1199212,,,1115868,1084592
,,,,1199312,,,1115868,1091648
,,,,1199276,,,1116092,1097948
,,,,1199276,,,1116092,1085028
,,,,1199276,,,1116092,1091328
,,,,1199276,,,1116092,1097376
,,,,1201408,,,1116092,1093104
,,,,1201848,,,1116092,1083896
,,,,1201848,,,1116092,1090192
,,,,1201848,,,1116092,1088040
,,,,1201848,,,1116080,1092072
,,,,1202100,,,1116080,1083460
,,,,1198316,,,1116080,1088248
,,,,1200780,,,1116080,1094296
,,,,1200780,,,1116080,1094536
,,,,1200780,,,1116080,1089748
,,,,1201284,,,1116072,1088204
,,,,1201284,,,1116072,1094744
,,,,1203172,,,1116072,1090992
,,,,1203172,,,1116072,1086356
,,,,1203172,,,1116072,1090388
,,,,1203172,,,1116072,1036796
,,,,1203396,,,1116324,1036760
,,,,1198576,,,1116324,1036760
,,,,1202416,,,1116320,1036760
,,,,1202416,,,1116320,1036760
,,,,1202416,,,1116320,1036760
,,,,1202416,,,1116572,1036760
,,,,1202416,,,1116564,1036748
,,,,1202416,,,1116564,1036748
,,,,1202416,,,1116564,1036744
,,,,1203484,,,1116564,1036744
,,,,1204792,,,1116564,1036744
,,,,1204792,,,1116564,1036744
,,,,1204792,,,1116564,1036744
,,,,1204792,,,1116556,1036744
,,,,1204792,,,1116556,1036744
,,,,1205036,,,1116808,1036744
,,,,1205236,,,1116808,1036736
,,,,1205488,,,1116808,1036736
,,,,1205488,,,1116808,1036736
,,,,1205488,,,1116800,1036736
,,,,1205488,,,1116796,1036736
,,,,1205488,,,1116796,1036736
,,,,1197776,,,1116796,
,,,,1194132,,,1116796,
,,,,1194132,,,1116796,
,,,,1194132,,,1116796,
,,,,1194132,,,1116796,
,,,,1194132,,,1116796,
,,,,1199172,,,1116796,
,,,,1192808,,,1116796,
,,,,1193028,,,1117300,
,,,,1193028,,,1117300,
,,,,1193028,,,1117300,
,,,,1193252,,,1117300,
,,,,1190336,,,1117288,
,,,,1200576,,,1117288,
,,,,1200560,,,1117288,
,,,,1200560,,,1117288,
,,,,1200560,,,1117288,
,,,,1201036,,,1117288,
,,,,1184320,,,1117288,
,,,,1194748,,,1117288,
,,,,1194744,,,1117288,
,,,,1194744,,,1117288,
,,,,1194744,,,1117288,
,,,,1194968,,,1117288,
,,,,1195220,,,1117288,
,,,,1197152,,,1117288,
,,,,1198412,,,1117280,
,,,,1198664,,,1117280,
,,,,1198664,,,1117280,
,,,,1198888,,,1117280,
,,,,1202180,,,1117280,
,,,,1200908,,,1117280,
,,,,1200900,,,1117280,
,,,,1201404,,,1117280,
,,,,1201404,,,1117280,
,,,,1201404,,,1117280,
,,,,1203688,,,1117280,
,,,,1201680,,,1117276,
,,,,1201648,,,1117276,
,,,,1201648,,,1117276,
,,,,1201648,,,1117276,
,,,,1201648,,,1117268,
,,,,1195468,,,1117268,
,,,,1197728,,,1117268,
,,,,1197728,,,1117268,
,,,,1197980,,,1117268,
,,,,1197980,,,1117268,
,,,,1197980,,,1117268,
,,,,1192776,,,1117268,
,,,,1193248,,,1117268,
,,,,1193248,,,1086532,
,,,,1193248,,,1086532,
,,,,1193248,,,1086532,
,,,,1193500,,,1086784,
,,,,1200900,,,1086784,
,,,,1200900,,,1086784,
,,,,1200900,,,1087024,
,,,,1200900,,,1087020,
,,,,1201376,,,1087020,
,,,,1202608,,,1087020,
,,,,1205100,,,1087020,
,,,,1205100,,,1087020,
,,,,1205100,,,1087272,
,,,,1205352,,,1087272,
,,,,1205576,,,1128532,
,,,,1190656,,,1138904,
,,,,1192392,,,1138852,
,,,,1192392,,,1138852,
,,,,1192392,,,1161568,
,,,,1192392,,,1161568,
,,,,1192392,,,1164788,
,,,,1191736,,,1164788,
,,,,1193224,,,1167776,
,,,,1193476,,,1180744,
,,,,1193476,,,1180744,
,,,,1193700,,,1181976,
,,,,1193700,,,1179236,
,,,,1200772,,,1179736,
,,,,1197168,,,1179956,
,,,,1197168,,,1181976,
,,,,1197168,,,1181968,
,,,,1197168,,,1180736,
,,,,1197644,,,1190232,
,,,,1198116,,,1190232,
,,,,1202136,,,1186308,
,,,,1202388,,,1187532,
,,,,1202384,,,1187980,
,,,,1202384,,,1187980,
,,,,1202636,,,1188184,
,,,,1203324,,,1188184,
,,,,1201468,,,1185036,
,,,,1201720,,,1185036,
,,,,1201972,,,1185540,
,,,,1201972,,,1184172,
,,,,1201972,,,1184172,
,,,,1180700,,,1184396,
,,,,1193904,,,1185768,
,,,,1193904,,,1185768,
,,,,1193896,,,1186020,
,,,,1193896,,,1194988,
,,,,1194340,,,1194984,
,,,,1195788,,,1197240,
,,,,1196516,,,1185612,
,,,,1196516,,,1185612,
,,,,1196508,,,1190948,
,,,,1196508,,,1191420,
,,,,1199784,,,1191420,
,,,,1189548,,,1184164,
,,,,1190044,,,1185120,
,,,,1190044,,,1185624,
,,,,1190044,,,1179008,
,,,,1190044,,,1179124,
,,,,1182812,,,1179852,
,,,,1189576,,,1180968,
,,,,1189552,,,1180968,
,,,,1189552,,,1180968,
,,,,1189552,,,1190592,
,,,,1189552,,,1190592,
,,,,1189552,,,1191040,
,,,,1189552,,,1196492,
,,,,1189552,,,1196492,
,,,,1189552,,,1203760,
,,,,1187500,,,1187880,
,,,,1189004,,,1187880,
,,,,1189004,,,1178516,
,,,,1189004,,,1187708,
,,,,1189452,,,1187708,
,,,,1189676,,,1187536,
,,,,1186876,,,1188484,
,,,,1188640,,,1188736,
,,,,1188632,,,1187984,
,,,,1188632,,,1187984,
,,,,1189388,,,1188460,
,,,,1192456,,,1187668,
,,,,1187340,,,1187668,
,,,,1187340,,,1188424,
,,,,1187340,,,1188424,
,,,,1187340,,,1182692,
,,,,1187340,,,1182692,
,,,,1187340,,,1182916,
,,,,1187340,,,1184580,
,,,,1173592,,,1184580,
,,,,1178852,,,1189076,
,,,,1178852,,,1179408,
,,,,1178852,,,1179408,
,,,,1178852,,,1179408,
,,,,1179552,,,1172448,
,,,,1182012,,,1175788,
,,,,1186012,,,1175784,
,,,,1186012,,,1190560,
,,,,1186012,,,1194572,
,,,,1186236,,,1195048,
,,,,1186236,,,1190388,
,,,,1189208,,,1190376,
,,,,1189668,,,1190848,
,,,,1189668,,,1191472,
,,,,1189668,,,1191444,
,,,,1189668,,,1191668,
,,,,1189892,,,1186568,
,,,,1169048,,,1186568,
,,,,1178464,,,1187016,
,,,,1178464,,,1185760,
,,,,1178712,,,1185752,
,,,,1179216,,,1192584,
,,,,1179688,,,1181928,
,,,,1191572,,,1181928,
,,,,1191796,,,1189224,
,,,,1191796,,,1188788,
,,,,1191796,,,1189040,
,,,,1192016,,,1166600,
,,,,1192016,,,1182432,
,,,,1180408,,,1182684,
,,,,1181744,,,1182372,
,,,,1181744,,,1186376,
,,,,1181996,,,1186824,
,,,,1182220,,,1180044,
,,,,1188340,,,1180268,
,,,,1194608,,,1180492,
,,,,1194576,,,1184696,
,,,,1194576,,,1184780,
,,,,1194576,,,1185480,
,,,,1195248,,,1191140,
,,,,1202320,,,1191896,
,,,,1184788,,,1192120,
,,,,1184788,,,1186840,
,,,,1184788,,,1186840,
,,,,1184788,,,1186840,
,,,,1185236,,,1177396,
,,,,1181480,,,1177392,
,,,,1186608,,,1184184,
,,,,1187112,,,1177112,
,,,,1187112,,,1177112,
,,,,1187112,,,1176704,
,,,,1187584,,,1180200,
,,,,1187132,,,1180452,
,,,,1187636,,,1168544,
,,,,1187628,,,1169792,
,,,,1187628,,,1170492,
,,,,1187628,,,1203876,
,,,,1194724,,,1204088,
,,,,1191752,,,1204088,
,,,,1191752,,,1198764,
,,,,1177228,,,1198764,
,,,,1177228,,,1199212,
,,,,1177452,,,1191396,
,,,,1159524,,,1191388,
,,,,1194816,,,1193080,
,,,,1194816,,,1199848,
,,,,1194816,,,1199848,
,,,,1194816,,,1183316,
,,,,1201872,,,1198548,
,,,,1211384,,,1198548,
,,,,1211632,,,1198116,
,,,,1213492,,,1198084,
,,,,1214440,,,1198084,
,,,,1214440,,,1198084,
,,,,1214440,,,1198084,
,,,,1214440,,,1198084,
,,,,1214692,,,1184352,
,,,,1216056,,,1184340,
,,,,1216652,,,1184564,
,,,,1216652,,,1178820,
,,,,1216652,,,1179032,
,,,,1217128,,,1179284,
,,,,1217128,,,1176812,
,,,,1204052,,,1177064,
,,,,1204896,,,1177312,
,,,,1204896,,,1182244,
,,,,1204896,,,1182496,
,,,,1205624,,,1182496,
,,,,1212428,,,1186396,
,,,,1202512,,,1186396,
,,,,1202512,,,1188132,
,,,,1202504,,,1187040,
,,,,1202756,,,1187040,
,,,,1202980,,,1183644,
,,,,1200600,,,1187988,
,,,,1210084,,,1187988,
,,,,1210072,,,1185984,
,,,,1210072,,,1186712,
,,,,1210072,,,1186964,
,,,,1210296,,,1188172,
,,,,1210676,,,1188320,
,,,,1210644,,,1188320,
,,,,1196068,,,1188316,
,,,,1207404,,,1184792,
,,,,1209124,,,1184644,
,,,,1212848,,,1184644,
,,,,1210636,,,1186252,
,,,,1210636,,,1186252,
,,,,1210636,,,1186476,
,,,,1210636,,,1187884,
,,,,1211812,,,1188360,
,,,,1213632,,,1188360,
,,,,1215944,,,1180220,
,,,,1216448,,,1180724,
,,,,1216444,,,1188776,
,,,,1216696,,,1178668,
,,,,1216916,,,1178668,
,,,,1217364,,,1191032,
,,,,1216272,,,1192008,
,,,,1220544,,,1192008,
,,,,1220544,,,1192008,
,,,,1220796,,,1192944,
,,,,1220792,,,1194144,
,,,,1226504,,,1194144,
,,,,1219924,,,1180540,
,,,,1219924,,,1181756,
,,,,1219924,,,1181980,
,,,,1219924,,,1181248,
,,,,1219924,,,1181688,
,,,,1221956,,,1181688,
,,,,1210828,,,1172456,
,,,,1210828,,,1172456,
,,,,1211080,,,1192048,
,,,,1211080,,,1199084,
,,,,1211528,,,1199084,
,,,,1218600,,,1199336,
,,,,1212788,,,1187428,
,,,,1212788,,,1187428,
,,,,1212788,,,1217300,
,,,,1212788,,,1210644,
,,,,1213228,,,1210644,
,,,,1209344,,,1212280,
,,,,1213528,,,1212832,
,,,,1213528,,,1213588,
,,,,1213528,,,1212460,
,,,,1213780,,,1212564,
,,,,1213872,,,1213040,
,,,,1208600,,,1206936,
,,,,1209324,,,1206936,
,,,,1209324,,,1207160,
,,,,1209324,,,1205820,
,,,,1209548,,,1205820,
,,,,1213580,,,1206044,
,,,,1205476,,,1211764,
,,,,1205396,,,1211764,
,,,,1205396,,,1212016,
,,,,1205396,,,1214288,
,,,,1205620,,,1214540,
,,,,1214920,,,1221856,
,,,,1221452,,,1214512,
,,,,1221452,,,1214764,
,,,,1221704,,,1215872,
,,,,1221704,,,1216844,
,,,,1221704,,,1217096,
,,,,1199280,,,1209720,
,,,,1201008,,,1209940,
,,,,1201260,,,1210192,
,,,,1201260,,,1209756,
,,,,1201480,,,1209756,
,,,,1201480,,,1210204,
,,,,1223600,,,1212192,
,,,,1224768,,,1212444,
,,,,1224768,,,1212668,
,,,,1224768,,,1211048,
,,,,1224516,,,1211048,
,,,,1224516,,,1219016,
,,,,1231364,,,1208676,
,,,,1214624,,,1208676,
,,,,1214464,,,1208024,
,,,,1214464,,,1212404,
,,,,1214464,,,1212404,
,,,,1215164,,,1205636,
,,,,1207316,,,1207364,
,,,,1213064,,,1207364,
,,,,1213064,,,1207332,
,,,,1213064,,,1211868,
,,,,1213064,,,1212092,
,,,,1213064,,,1214608,
,,,,1217304,,,1243252,
,,,,1219040,,,1243252,
,,,,1219292,,,1232436,
,,,,1219544,,,1232436,
,,,,1219768,,,1232884,
,,,,1219768,,,1228776,
,,,,1212260,,,1228776,
,,,,1212260,,,1228996,
,,,,1212260,,,1239400,
,,,,1212260,,,1239400,
,,,,1213184,,,1246248,
,,,,1212560,,,1236736,
,,,,1219288,,,1236980,
,,,,1219288,,,1243548,
,,,,1219288,,,1238556,
,,,,1219288,,,1238556,
,,,,1219540,,,1227128,
,,,,1214064,,,1228868,
,,,,1214096,,,1229084,
,,,,1214096,,,1230436,
,,,,1214096,,,1235436,
,,,,1214096,,,1235436,
,,,,1214096,,,1235912,
,,,,1219700,,,1227596,
,,,,1220652,,,1227564,
,,,,1220652,,,1228012,
,,,,1220652,,,1220328,
,,,,1220904,,,1220580,
,,,,1220776,,,1220804,
,,,,1221000,,,1232896,
,,,,1204428,,,1232896,
,,,,1215960,,,1233568,
,,,,1215960,,,1231576,
,,,,1215960,,,1232080,
,,,,1215960,,,1236096,
,,,,1216184,,,1228600,
,,,,1216560,,,1228600,
,,,,1217564,,,1228424,
,,,,1217564,,,1233912,
,,,,1217564,,,1234136,
,,,,1218264,,,1228156,
,,,,1218736,,,1228652,
,,,,1215496,,,1228652,
,,,,1216252,,,1226732,
,,,,1216248,,,1226700,
,,,,1216248,,,1226700,
,,,,1216244,,,1226700,
,,,,1216244,,,1221680,
,,,,1207140,,,1221932,
,,,,1220184,,,1226024,
,,,,1220180,,,1226024,
,,,,1220180,,,1226024,
,,,,1220180,,,1226472,
,,,,1221184,,,1223364,
,,,,1210556,,,1223364,
,,,,1216596,,,1231136,
,,,,1216596,,,1227308,
,,,,1216596,,,1227560,
,,,,1216820,,,1222952,
,,,,1217268,,,1238000,
,,,,1213328,,,1238000,
,,,,1214840,,,1218992,
,,,,1215344,,,1231208,
,,,,1215344,,,1231208,
,,,,1215344,,,1223012,
,,,,1215344,,,1224084,
,,,,1226024,,,1224084,
,,,,1226024,,,1225184,
,,,,1226016,,,1226648,
,,,,1226016,,,1227096,
,,,,1226016,,,1233380,
,,,,1210320,,,1233308,
,,,,1220040,,,1233308,
,,,,1220292,,,1232680,
,,,,1220292,,,1232680,
,,,,1220292,,,1233156,
,,,,1220292,,,1230180,
,,,,1217236,,,1230684,
,,,,1218480,,,1231356,
,,,,1218480,,,1229704,
,,,,1218472,,,1229700,
,,,,1218472,,,1231732,
,,,,1225332,,,1231968,
,,,,1223636,,,1231968,
,,,,1223756,,,1212816,
,,,,1223756,,,1228276,
,,,,1223756,,,1228276,
,,,,1223756,,,1224700,
,,,,1223756,,,1226152,
,,,,1214672,,,1214092,
,,,,1216184,,,1224356,
,,,,1216184,,,1224352,
,,,,1216184,,,1236356,
,,,,1216184,,,1238416,
,,,,1216184,,,1238380,
,,,,1216184,,,1238604,
,,,,1216184,,,1225188,
,,,,1216184,,,1248844,
,,,,1223256,,,1251068,
,,,,1222744,,,1253364,
,,,,1222740,,,1253364,
,,,,1222740,,,1254000,
,,,,1223496,,,1252752,
,,,,1223496,,,1253004,
,,,,1228300,,,1255672,
,,,,1210960,,,1258164,
,,,,1211368,,,1258164,
,,,,1216368,,,1254228,
,,,,1216236,,,1254468,
,,,,1216236,,,1254692,
,,,,1216488,,,1246780,
,,,,1217160,,,1246776,
,,,,1215212,,,1247224,
,,,,1222336,,,1249744,
,,,,1222336,,,1249996,
,,,,1222336,,,1249996,
,,,,1222336,,,1252632,
,,,,1222336,,,1252884,
,,,,1139184,,,1259956,
,,,,1139184,,,1260304,
,,,,1139184,,,1260556,
,,,,1139184,,,1265596,
,,,,1139184,,,1238732,
,,,,1139184,,,1238732,
,,,,1139184,,,1242748,
,,,,1139184,,,1217668,
,,,,1139184,,,1217668,
,,,,1139436,,,1218568,
,,,,1139436,,,1225188,
,,,,1139436,,,1225188,
,,,,1139424,,,1220816,
,,,,1139424,,,1221608,
,,,,1139676,,,1221860,
,,,,1139676,,,1227104,
,,,,1139676,,,1227088,
,,,,1139676,,,1227788,
,,,,1139676,,,1231576,
,,,,1139676,,,1232048,
,,,,1139676,,,1232048,
,,,,1139676,,,1231328,
,,,,1139644,,,1231324,
,,,,1139644,,,1231324,
,,,,,,,1234712,
,,,,,,,1233020,
,,,,,,,1233020,
,,,,,,,1228584,
,,,,,,,1238972,
,,,,,,,1238972,
,,,,,,,1219412,
,,,,,,,1221108,
,,,,,,,1221108,
,,,,,,,1223264,
,,,,,,,1224240,
,,,,,,,1224240,
,,,,,,,1226460,
,,,,,,,1226432,
,,,,,,,1227664,
,,,,,,,1230256,
,,,,,,,1230256,
,,,,,,,1230480,
,,,,,,,1228708,
,,,,,,,1228708,
,,,,,,,1228960,
,,,,,,,1232756,
,,,,,,,1239260,
,,,,,,,1239260,
,,,,,,,1214636,
,,,,,,,1229172,
,,,,,,,1229172,
,,,,,,,1231400,
,,,,,,,1232376,
,,,,,,,1232600,
,,,,,,,1234236,
,,,,,,,1234464,
,,,,,,,1234912,
,,,,,,,1224548,
,,,,,,,1224764,
,,,,,,,1225228,
,,,,,,,1229080,
,,,,,,,1229080,
,,,,,,,1229080,
,,,,,,,1224636,
,,,,,,,1225392,
,,,,,,,1232464,
,,,,,,,1227076,
,,,,,,,1227076,
,,,,,,,1220132,
,,,,,,,1230028,
,,,,,,,1230028,
,,,,,,,1220660,
,,,,,,,1221892,
,,,,,,,1222116,
,,,,,,,1231796,
,,,,,,,1231780,
,,,,,,,1231780,
,,,,,,,1224012,
,,,,,,,1224012,
,,,,,,,1225020,
,,,,,,,1224232,
,,,,,,,1224232,
,,,,,,,1224456,
,,,,,,,1227712,
,,,,,,,1227712,
,,,,,,,1228692,
,,,,,,,1228580,
,,,,,,,1228576,
,,,,,,,1231652,
,,,,,,,1224104,
,,,,,,,1224104,
,,,,,,,1224196,
,,,,,,,1226652,
,,,,,,,1226652,
,,,,,,,1230876,
,,,,,,,1232352,
,,,,,,,1232352,
,,,,,,,1232352,
,,,,,,,1232352,
,,,,,,,1232592,
,,,,,,,1232584,
,,,,,,,1232584,
,,,,,,,1235568,
,,,,,,,1235568,
,,,,,,,1228068,
,,,,,,,1236304,
,,,,,,,1236304,
,,,,,,,1222504,
,,,,,,,1224740,
,,,,,,,1225440,
,,,,,,,1229500,
,,,,,,,1229728,
,,,,,,,1229952,
,,,,,,,1229272,
,,,,,,,1229500,
,,,,,,,1229724,
,,,,,,,1223684,
,,,,,,,1223684,
,,,,,,,1224132,
,,,,,,,1238460,
,,,,,,,1238460,
,,,,,,,1238460,
,,,,,,,1235584,
,,,,,,,1235584,
,,,,,,,1237156,
,,,,,,,1215120,
,,,,,,,1215116,
,,,,,,,1213632,
,,,,,,,1223928,
,,,,,,,1223928,
,,,,,,,1213304,
,,,,,,,1215044,
,,,,,,,1215520,
,,,,,,,1218240,
,,,,,,,1219224,
,,,,,,,1219224,
,,,,,,,1227896,
,,,,,,,1227696,
,,,,,,,1227696,
,,,,,,,1229936,
,,,,,,,1229936,
,,,,,,,1230156,
,,,,,,,1217276,
,,,,,,,1217276,
,,,,,,,1223436,
,,,,,,,1230064,
,,,,,,,1230064,
,,,,,,,1215560,
,,,,,,,1221072,
,,,,,,,1221072,
,,,,,,,1223920,
,,,,,,,1225924,
,,,,,,,1226176,
,,,,,,,1223908,
,,,,,,,1224124,
,,,,,,,1224348,
,,,,,,,1215436,
,,,,,,,1215436,
,,,,,,,1215688,
,,,,,,,1216412,
,,,,,,,1226212,
,,,,,,,1226212,
,,,,,,,1226460,
,,,,,,,1220948,
,,,,,,,1221192,
,,,,,,,1228260,
,,,,,,,1227120,
,,,,,,,1227120,
,,,,,,,1216452,
,,,,,,,1224408,
,,,,,,,1224408,
,,,,,,,1215056,
,,,,,,,1216296,
,,,,,,,1216772,
,,,,,,,1227104,
,,,,,,,1227324,
,,,,,,,1227324,
,,,,,,,1223256,
,,,,,,,1223256,
,,,,,,,1223760,
,,,,,,,1229076,
,,,,,,,1229076,
,,,,,,,1229300,
,,,,,,,1217188,
,,,,,,,1218692,
,,,,,,,1215800,
,,,,,,,1215176,
,,,,,,,1215176,
,,,,,,,1210752,
,,,,,,,1217488,
,,,,,,,1217488,
,,,,,,,1216928,
,,,,,,,1217988,
,,,,,,,1218464,
,,,,,,,1226784,
,,,,,,,1226748,
,,,,,,,1226748,
,,,,,,,1221136,
,,,,,,,1222144,
,,,,,,,1223124,
,,,,,,,1216340,
,,,,,,,1216340,
,,,,,,,1216564,
,,,,,,,1218016,
,,,,,,,1218264,
,,,,,,,1223572,
,,,,,,,1226920,
,,,,,,,1226920,
,,,,,,,1212604,
,,,,,,,1225412,
,,,,,,,1225412,
,,,,,,,1227516,
,,,,,,,1228516,
,,,,,,,1228516,
,,,,,,,1222456,
,,,,,,,1223928,
,,,,,,,1223924,
,,,,,,,1232104,
,,,,,,,1232080,
,,,,,,,1232304,
,,,,,,,1224368,
,,,,,,,1224368,
,,,,,,,1224368,
,,,,,,,1220624,
,,,,,,,1220620,
,,,,,,,1225016,
,,,,,,,1224916,
,,,,,,,1224916,
,,,,,,,1219108,
,,,,,,,1233780,
,,,,,,,1234028,
,,,,,,,1231408,
,,,,,,,1231436,
,,,,,,,1231436,
,,,,,,,1225596,
,,,,,,,1226332,
,,,,,,,1226556,
,,,,,,,1224056,
,,,,,,,1224052,
,,,,,,,1224276,
,,,,,,,1225516,
,,,,,,,1225516,
,,,,,,,1225768,
,,,,,,,1223656,
,,,,,,,1223656,
,,,,,,,1229968,
,,,,,,,1219616,
,,,,,,,1219616,
,,,,,,,1207400,
,,,,,,,1220188,
,,,,,,,1220440,
,,,,,,,1220692,
,,,,,,,1220232,
,,,,,,,1221584,
,,,,,,,1221808,
,,,,,,,1219032,
,,,,,,,1220028,
,,,,,,,1220280,
,,,,,,,1218448,
,,,,,,,1218396,
,,,,,,,1218600,
,,,,,,,1228820,
,,,,,,,1228820,
,,,,,,,1229268,
,,,,,,,1232196,
,,,,,,,1232196,
,,,,,,,1232672,
,,,,,,,1229084,
,,,,,,,1229076,
,,,,,,,1229328,
,,,,,,,1229328,
,,,,,,,1230912,
,,,,,,,1219080,
,,,,,,,1219080,
,,,,,,,1208116,
,,,,,,,1219172,
,,,,,,,1219172,
,,,,,,,1229912,
,,,,,,,1231096,
,,,,,,,1231096,
,,,,,,,1228552,
,,,,,,,1228544,
,,,,,,,1228768,
,,,,,,,1225136,
,,,,,,,1225124,
,,,,,,,1225124,
,,,,,,,1227656,
,,,,,,,1227656,
,,,,,,,1227656,
,,,,,,,1229020,
,,,,,,,1229524,
,,,,,,,1236596,
,,,,,,,1218952,
,,,,,,,1218952,
,,,,,,,1213900,
,,,,,,,1221952,
,,,,,,,1221952,
,,,,,,,1223740,
,,,,,,,1223984,
,,,,,,,1224236,
,,,,,,,1225360,
,,,,,,,1225564,
,,,,,,,1226068,
,,,,,,,1217320,
,,,,,,,1218324,
,,,,,,,1218800,
,,,,,,,1229476,
,,,,,,,1229728,
,,,,,,,1234516,
,,,,,,,1229292,
,,,,,,,1229292,
,,,,,,,1214396,
,,,,,,,1218284,
,,,,,,,1218284,
,,,,,,,1219816,
,,,,,,,1227060,
,,,,,,,1227060,
,,,,,,,1223140,
,,,,,,,1223128,
,,,,,,,1223128,
,,,,,,,1218624,
,,,,,,,1218624,
,,,,,,,1218876,
,,,,,,,1222564,
,,,,,,,1214752,
,,,,,,,1214976,
,,,,,,,1228992,
,,,,,,,1229448,
,,,,,,,1229672,
,,,,,,,1234916,
,,,,,,,1234916,
,,,,,,,1241988,
,,,,,,,1224904,
,,,,,,,1224904,
,,,,,,,1222364,
,,,,,,,1226868,
,,,,,,,1226868,
,,,,,,,1225828,
,,,,,,,1226812,
,,,,,,,1226812,
,,,,,,,1227852,
,,,,,,,1228076,
,,,,,,,1228328,
,,,,,,,1234828,
,,,,,,,1234828,
,,,,,,,1235052,
,,,,,,,1226884,
,,,,,,,1226884,
,,,,,,,1227108,
,,,,,,,1225064,
,,,,,,,1225056,
,,,,,,,1225280,
,,,,,,,1228148,
,,,,,,,1228148,
,,,,,,,1230820,
,,,,,,,1222420,
,,,,,,,1222420,
,,,,,,,1230220,
,,,,,,,1231356,
,,,,,,,1231356,
,,,,,,,1221100,
,,,,,,,1226824,
,,,,,,,1227076,
,,,,,,,1227076,
,,,,,,,1228588,
,,,,,,,1229148,
,,,,,,,1229372,
,,,,,,,1224056,
,,,,,,,1224288,
,,,,,,,1224792,
,,,,,,,1223524,
,,,,,,,1223524,
,,,,,,,1224028,
,,,,,,,1224028,
,,,,,,,1224028,
,,,,,,,1224252,
,,,,,,,1220728,
,,,,,,,1220728,
,,,,,,,1220952,
,,,,,,,1228824,
,,,,,,,1228824,
,,,,,,,1228824,
,,,,,,,1232116,
,,,,,,,1238420,
,,,,,,,1238420,
,,,,,,,1246248,
,,,,,,,1230200,
,,,,,,,1230448,
,,,,,,,1219576,
,,,,,,,1221060,
,,,,,,,1221536,
,,,,,,,1220200,
,,,,,,,1220644,
,,,,,,,1221316,
,,,,,,,1224136,
,,,,,,,1224136,
,,,,,,,1224360,
,,,,,,,1225848,
,,,,,,,1225848,
,,,,,,,1229868,
,,,,,,,1225340,
,,,,,,,1225340,
,,,,,,,1216304,
,,,,,,,1223052,
,,,,,,,1223304,
,,,,,,,1221316,
,,,,,,,1222284,
,,,,,,,1223516,
,,,,,,,1231776,
,,,,,,,1232280,
,,,,,,,1236376,
,,,,,,,1231572,
,,,,,,,1231572,
,,,,,,,1231824,
,,,,,,,1236048,
,,,,,,,1236048,
,,,,,,,1239096,
,,,,,,,1240300,
,,,,,,,1240300,
,,,,,,,1224404,
,,,,,,,1235520,
,,,,,,,1235520,
,,,,,,,1225076,
,,,,,,,1226820,
,,,,,,,1227548,
,,,,,,,1220624,
,,,,,,,1220620,
,,,,,,,1221096,
,,,,,,,1230980,
,,,,,,,1230944,
,,,,,,,1230944,
,,,,,,,1225440,
,,,,,,,1225440,
,,,,,,,1225692,
,,,,,,,1225432,
,,,,,,,1225428,
,,,,,,,1227964,
,,,,,,,1230644,
,,,,,,,1230648,
,,,,,,,1230556,
,,,,,,,1231496,
,,,,,,,1231748,
,,,,,,,1228904,
,,,,,,,1230320,
,,,,,,,1230792,
,,,,,,,1231144,
,,,,,,,1231144,
,,,,,,,1231648,
,,,,,,,1230352,
,,,,,,,1230604,
,,,,,,,1231052,
,,,,,,,1224408,
,,,,,,,1225408,
,,,,,,,1232032,
,,,,,,,1225084,
,,,,,,,1225084,
,,,,,,,1232284,
,,,,,,,1233156,
,,,,,,,1233156,
,,,,,,,1225540,
,,,,,,,1226788,
,,,,,,,1227012,
,,,,,,,1233944,
,,,,,,,1234196,
,,,,,,,1234672,
,,,,,,,1220096,
,,,,,,,1220096,
,,,,,,,1221076,
,,,,,,,1229832,
,,,,,,,1231092,
,,,,,,,1236132,
,,,,,,,1224672,
,,,,,,,1224672,
,,,,,,,1225176,
,,,,,,,1222660,
,,,,,,,1230940,
,,,,,,,1230940,
,,,,,,,1238000,
,,,,,,,1238748,
,,,,,,,1238748,
,,,,,,,1225136,
,,,,,,,1225136,
,,,,,,,1225360,
,,,,,,,1230404,
,,,,,,,1230380,
,,,,,,,1230376,
,,,,,,,1226472,
,,,,,,,1226472,
,,,,,,,1226920,
,,,,,,,1229196,
,,,,,,,1229196,
,,,,,,,1229644,
,,,,,,,1233164,
,,,,,,,1233164,
,,,,,,,1220476,
,,,,,,,1226624,
,,,,,,,1226624,
,,,,,,,1230444,
,,,,,,,1232436,
,,,,,,,1232688,
,,,,,,,1232912,
,,,,,,,1234460,
,,,,,,,1234632,
,,,,,,,1235108,
,,,,,,,1232632,
,,,,,,,1232624,
,,,,,,,1232624,
,,,,,,,1233208,
,,,,,,,1233208,
,,,,,,,1233652,
,,,,,,,1224708,
,,,,,,,1224704,
,,,,,,,1231772,
,,,,,,,1219684,
,,,,,,,1220440,
,,,,,,,1223192,
,,,,,,,1209692,
,,,,,,,1230348,
,,,,,,,1227604,
,,,,,,,1229832,
,,,,,,,1230056,
,,,,,,,1224576,
,,,,,,,1226064,
,,,,,,,1226064,
,,,,,,,1225956,
,,,,,,,1225928,
,,,,,,,1226404,
,,,,,,,1222808,
,,,,,,,1236608,
,,,,,,,1236832,
,,,,,,,1240380,
,,,,,,,1240380,
,,,,,,,1240856,
,,,,,,,1236952,
,,,,,,,1236952,
,,,,,,,1236308,
,,,,,,,1245344,
,,,,,,,1245344,
,,,,,,,1232312,
,,,,,,,1232780,
,,,,,,,1233508,
,,,,,,,1227376,
,,,,,,,1229320,
,,,,,,,1229544,
,,,,,,,1232716,
,,,,,,,1232716,
,,,,,,,1232964,
,,,,,,,1233512,
,,,,,,,1233480,
,,,,,,,1233984,
,,,,,,,1233984,
,,,,,,,1233984,
,,,,,,,1234208,
,,,,,,,1237328,
,,,,,,,1237324,
,,,,,,,1237324,
,,,,,,,1228060,
,,,,,,,1244880,
,,,,,,,1248368,
,,,,,,,1238376,
,,,,,,,1238376,
,,,,,,,1223200,
,,,,,,,1239008,
,,,,,,,1239008,
,,,,,,,1240844,
,,,,,,,1241836,
,,,,,,,1242088,
,,,,,,,1256504,
,,,,,,,1256432,
,,,,,,,1256908,
,,,,,,,1242380,
,,,,,,,1242380,
,,,,,,,1242632,
,,,,,,,1241400,
,,,,,,,1241400,
,,,,,,,1242072,
,,,,,,,1249664,
,,,,,,,1249664,
,,,,,,,1254468,
,,,,,,,1248848,
,,,,,,,1248848,
,,,,,,,1236208,
,,,,,,,1246504,
,,,,,,,1246504,
,,,,,,,1241928,
,,,,,,,1242168,
,,,,,,,1242168,
,,,,,,,1245896,
,,,,,,,1245880,
,,,,,,,1245880,
,,,,,,,1246100,
,,,,,,,1242300,
,,,,,,,1242292,
,,,,,,,1242964,
,,,,,,,1248100,
,,,,,,,1248100,
,,,,,,,1248324,
,,,,,,,1250476,
,,,,,,,1250472,
,,,,,,,1258720,
,,,,,,,1241852,
,,,,,,,1241852,
,,,,,,,1243440,
,,,,,,,1249460,
,,,,,,,1249712,
,,,,,,,1246820,
,,,,,,,1247236,
,,,,,,,1247460,
,,,,,,,1250156,
,,,,,,,1251124,
,,,,,,,1251124,
,,,,,,,1256576,
,,,,,,,1257776,
,,,,,,,1258028,
,,,,,,,1252620,
,,,,,,,1252864,
,,,,,,,1252864,
,,,,,,,1246488,
,,,,,,,1246488,
,,,,,,,1247244,
,,,,,,,1243084,
,,,,,,,1243084,
,,,,,,,1243084,
,,,,,,,1243388,
,,,,,,,1243636,
,,,,,,,1250932,
,,,,,,,1242532,
,,,,,,,1242532,
,,,,,,,1235400,
,,,,,,,1241340,
,,,,,,,1241340,
,,,,,,,1240568,
,,,,,,,1242772,
,,,,,,,1242772,
,,,,,,,1241336,
,,,,,,,1242084,
,,,,,,,1242528,
,,,,,,,1245500,
,,,,,,,1245992,
,,,,,,,1246496,
,,,,,,,1242892,
,,,,,,,1242892,
,,,,,,,1242892,
,,,,,,,1248420,
,,,,,,,1248672,
,,,,,,,1253600,
,,,,,,,1235176,
,,,,,,,1235428,
,,,,,,,1228564,
,,,,,,,1239840,
,,,,,,,1239840,
,,,,,,,1232348,
,,,,,,,1236836,
,,,,,,,1237536,
,,,,,,,1242352,
,,,,,,,1242544,
,,,,,,,1242768,
,,,,,,,1247496,
,,,,,,,1247496,
,,,,,,,1247748,
,,,,,,,1241668,
,,,,,,,1241660,
,,,,,,,1246156,
,,,,,,,1240624,
,,,,,,,1240624,
,,,,,,,1236580,
,,,,,,,1247356,
,,,,,,,1247356,
,,,,,,,1242384,
,,,,,,,1245548,
,,,,,,,1245548,
,,,,,,,1247624,
,,,,,,,1248824,
,,,,,,,1248824,
,,,,,,,1248012,
,,,,,,,1248012,
,,,,,,,1248012,
,,,,,,,1233964,
,,,,,,,1233964,
,,,,,,,1234216,
,,,,,,,1241320,
,,,,,,,1241320,
,,,,,,,1241320,
,,,,,,,1239376,
,,,,,,,1239628,
,,,,,,,1240300,
,,,,,,,1241920,
,,,,,,,1241920,
,,,,,,,1217408,
,,,,,,,1236920,
,,,,,,,1236920,
,,,,,,,1242164,
,,,,,,,1243420,
,,,,,,,1243420,
,,,,,,,1235096,
,,,,,,,1235092,
,,,,,,,1236292,
,,,,,,,1239716,
,,,,,,,1239964,
,,,,,,,1240216,
,,,,,,,1239196,
,,,,,,,1239196,
,,,,,,,1239644,
,,,,,,,1239268,
,,,,,,,1239264,
,,,,,,,1239712,
,,,,,,,1239712,
,,,,,,,1239712,
,,,,,,,1241280,
,,,,,,,1242932,
,,,,,,,1243684,
,,,,,,,1235300,
,,,,,,,1235292,
,,,,,,,1235740,
,,,,,,,1244292,
,,,,,,,1244292,
,,,,,,,1244516,
,,,,,,,1234572,
,,,,,,,1234572,
,,,,,,,1234796,
,,,,,,,1243428,
,,,,,,,1243424,
,,,,,,,1243648,
,,,,,,,1241172,
,,,,,,,1241172,
,,,,,,,1245200,
,,,,,,,1243364,
,,,,,,,1243364,
,,,,,,,1243076,
,,,,,,,1246240,
,,,,,,,1246240,
,,,,,,,1246240,
,,,,,,,1240568,
,,,,,,,1242044,
,,,,,,,1242044,
,,,,,,,1241556,
,,,,,,,1241780,
,,,,,,,1241780,
,,,,,,,1238984,
,,,,,,,1239740,
,,,,,,,1240464,
,,,,,,,1248644,
,,,,,,,1250384,
,,,,,,,1253676,
,,,,,,,1248684,
,,,,,,,1248936,
,,,,,,,1235084,
,,,,,,,1249600,
,,,,,,,1249600,
,,,,,,,1244028,
,,,,,,,1245256,
,,,,,,,1245732,
,,,,,,,1257580,
,,,,,,,1257828,
,,,,,,,1258584,
,,,,,,,1260760,
,,,,,,,1260760,
,,,,,,,1260984,
,,,,,,,1256576,
,,,,,,,1256576,
,,,,,,,1258160,
,,,,,,,1251368,
,,,,,,,1251368,
,,,,,,,1257752,
,,,,,,,1252052,
,,,,,,,1252052,
,,,,,,,1254520,
,,,,,,,1257764,
,,,,,,,1257764,
,,,,,,,1255312,
,,,,,,,1256220,
,,,,,,,1256220,
,,,,,,,1254356,
,,,,,,,1254344,
,,,,,,,1254344,
,,,,,,,1258580,
,,,,,,,1258580,
,,,,,,,1259504,
,,,,,,,1256444,
,,,,,,,1256696,
,,,,,,,1256696,
,,,,,,,1254684,
,,,,,,,1254932,
,,,,,,,1256640,
,,,,,,,1251892,
,,,,,,,1251892,
,,,,,,,1237464,
,,,,,,,1251512,
,,,,,,,1251512,
,,,,,,,1244220,
,,,,,,,1244948,
,,,,,,,1245676,
,,,,,,,1251696,
,,,,,,,1251568,
,,,,,,,1252268,
,,,,,,,1250620,
,,,,,,,1250620,
,,,,,,,1250872,
,,,,,,,1253972,
,,,,,,,1253964,
,,,,,,,1257536,
,,,,,,,1245860,
,,,,,,,1246116,
,,,,,,,1254460,
,,,,,,,1259972,
,,,,,,,1259972,
,,,,,,,1266248,
,,,,,,,1270268,
,,,,,,,1270268,
,,,,,,,1260420,
,,,,,,,1260412,
,,,,,,,1260664,
,,,,,,,1255964,
,,,,,,,1256216,
,,,,,,,1256468,
,,,,,,,1250180,
,,,,,,,1250172,
,,,,,,,1250420,
,,,,,,,1250644,
,,,,,,,1258868,
,,,,,,,1258860,
,,,,,,,1243836,
,,,,,,,1251112,
,,,,,,,1251112,
,,,,,,,1257536,
,,,,,,,1257756,
,,,,,,,1257756,
,,,,,,,1253572,
,,,,,,,1253536,
,,,,,,,1254488,
,,,,,,,1260104,
,,,,,,,1260104,
,,,,,,,1260328,
,,,,,,,1255820,
,,,,,,,1255820,
,,,,,,,1259572,
,,,,,,,1250856,
,,,,,,,1250856,
,,,,,,,1257508,
,,,,,,,1251040,
,,,,,,,1251040,
,,,,,,,1241792,
,,,,,,,1247048,
,,,,,,,1247048,
,,,,,,,1249528,
,,,,,,,1253836,
,,,,,,,1254084,
,,,,,,,1254084,
,,,,,,,1254084,
,,,,,,,1254084,
,,,,,,,1252920,
,,,,,,,1252920,
,,,,,,,1252920,
,,,,,,,1252116,
,,,,,,,1252616,
,,,,,,,1253116,
,,,,,,,1261204,
,,,,,,,1261204,
,,,,,,,1261904,
,,,,,,,1257592,
,,,,,,,1257592,
,,,,,,,1238688,
,,,,,,,1253368,
,,,,,,,1253368,
,,,,,,,1251284,
,,,,,,,1252228,
,,,,,,,1252228,
,,,,,,,1256660,
,,,,,,,1256628,
,,,,,,,1257104,
,,,,,,,1247376,
,,,,,,,1247376,
,,,,,,,1247600,
,,,,,,,1242672,
,,,,,,,1242672,
,,,,,,,1243344,
,,,,,,,1248232,
,,,,,,,1248232,
,,,,,,,1248108,
,,,,,,,1245644,
,,,,,,,1245644,
,,,,,,,1250432,
,,,,,,,1243204,
,,,,,,,1243200,
,,,,,,,1236760,
,,,,,,,1249004,
,,,,,,,1249004,
,,,,,,,1244332,
,,,,,,,1248836,
,,,,,,,1249592,
,,,,,,,1243724,
,,,,,,,1243696,
,,,,,,,1244144,
,,,,,,,1240828,
,,,,,,,1241080,
,,,,,,,1241528,
,,,,,,,1249696,
,,,,,,,1249696,
,,,,,,,1249696,
,,,,,,,1246156,
,,,,,,,1246148,
,,,,,,,1252772,
,,,,,,,1252412,
,,,,,,,1252412,
,,,,,,,1247124,
,,,,,,,1247972,
,,,,,,,1247972,
,,,,,,,1229788,
,,,,,,,1256480,
,,,,,,,1256700,
,,,,,,,1258976,
,,,,,,,1258968,
,,,,,,,1259192,
,,,,,,,1263320,
,,,,,,,1263816,
,,,,,,,1264292,
,,,,,,,1257812,
,,,,,,,1258568,
,,,,,,,1259016,
,,,,,,,1261196,
,,,,,,,1261196,
,,,,,,,1268268,
,,,,,,,1268136,
,,,,,,,1268136,
,,,,,,,1256352,
,,,,,,,1259820,
,,,,,,,1259820,
,,,,,,,1256732,
,,,,,,,1256980,
,,,,,,,1257204,
,,,,,,,1257016,
,,,,,,,1257016,
,,,,,,,1257240,
,,,,,,,1259376,
,,,,,,,1260384,
,,,,,,,1260384,
,,,,,,,1256496,
,,,,,,,1256496,
,,,,,,,1256748,
,,,,,,,1258300,
,,,,,,,1258300,
,,,,,,,1263524,
,,,,,,,1265428,
,,,,,,,1265428,
,,,,,,,1258344,
,,,,,,,1264860,
,,,,,,,1264860,
,,,,,,,1259300,
,,,,,,,1259648,
,,,,,,,1259872,
,,,,,,,1271940,
,,,,,,,1272184,
,,,,,,,1272184,
,,,,,,,1267888,
,,,,,,,1267868,
,,,,,,,1268092,
,,,,,,,1263128,
,,,,,,,1263128,
,,,,,,,1263128,
,,,,,,,1259140,
,,,,,,,1259112,
,,,,,,,1259112,
,,,,,,,1271048,
,,,,,,,1271048,
,,,,,,,1271048,
,,,,,,,1271496,
,,,,,,,1269788,
,,,,,,,1269788,
,,,,,,,1243656,
,,,,,,,1257860,
,,,,,,,1257860,
,,,,,,,1242380,
,,,,,,,1258436,
,,,,,,,1258436,
,,,,,,,1270364,
,,,,,,,1269480,
,,,,,,,1269480,
,,,,,,,1251712,
,,,,,,,1251928,
,,,,,,,1252684,
,,,,,,,1258740,
,,,,,,,1258992,
,,,,,,,1259244,
,,,,,,,1264800,
,,,,,,,1264800,
,,,,,,,1264800,
,,,,,,,1262764,
,,,,,,,1262760,
,,,,,,,1266028,
,,,,,,,1261064,
,,,,,,,1261064,
,,,,,,,1261064,
,,,,,,,1261064,
,,,,,,,1257028,
,,,,,,,1265544,
,,,,,,,1265544,
,,,,,,,1262876,
,,,,,,,1263876,
,,,,,,,1264100,
,,,,,,,1257084,
,,,,,,,1258556,
,,,,,,,1259032,
,,,,,,,1263316,
,,,,,,,1263308,
,,,,,,,1263560,
,,,,,,,1266144,
,,,,,,,1266144,
,,,,,,,1266144,
,,,,,,,1262800,
,,,,,,,1263808,
,,,,,,,1263808,
,,,,,,,1258008,
,,,,,,,1258008,
,,,,,,,1263820,
,,,,,,,1261844,
,,,,,,,1261844,
,,,,,,,1253800,
,,,,,,,1255032,
,,,,,,,1255256,
,,,,,,,1268588,
,,,,,,,1269320,
,,,,,,,1269768,
,,,,,,,1260672,
,,,,,,,1260636,
,,,,,,,1260636,
,,,,,,,1259752,
,,,,,,,1259752,
,,,,,,,1260228,
,,,,,,,1268360,
,,,,,,,1268360,
,,,,,,,1268836,
,,,,,,,1265508,
,,,,,,,1265508,
,,,,,,,1272776,
,,,,,,,1266244,
,,,,,,,1266244,
,,,,,,,1258940,
,,,,,,,1260920,
,,,,,,,1261144,
,,,,,,,1257068,
,,,,,,,1260812,
,,,,,,,1260812,
,,,,,,,1257288,
,,,,,,,1257260,
,,,,,,,1258212,
,,,,,,,1260496,
,,,,,,,1260748,
,,,,,,,1260972,
,,,,,,,1264836,
,,,,,,,1264836,
,,,,,,,1264836,
,,,,,,,1265508,
,,,,,,,1254448,
,,,,,,,1254448,
,,,,,,,1253476,
,,,,,,,1259504,
,,,,,,,1259504,
,,,,,,,1259852,
,,,,,,,1260552,
,,,,,,,1261056,
,,,,,,,1263764,
,,,,,,,1263740,
,,,,,,,1263964,
,,,,,,,1258756,
,,,,,,,1258748,
,,,,,,,1259644,
,,,,,,,1262148,
,,,,,,,1262148,
,,,,,,,1262144,
,,,,,,,1266624,
,,,,,,,1266620,
,,,,,,,1268652,
,,,,,,,1263628,
,,,,,,,1263628,
,,,,,,,1244392,
,,,,,,,1255460,
,,,,,,,1255460,
,,,,,,,1257796,
,,,,,,,1259776,
,,,,,,,1260028,
,,,,,,,1263216,
,,,,,,,1263272,
,,,,,,,1263272,
,,,,,,,1263272,
,,,,,,,1259216,
,,,,,,,1259116,
,,,,,,,1259340,
,,,,,,,1257356,
,,,,,,,1257356,
,,,,,,,1262368,
,,,,,,,1255780,
,,,,,,,1255780,
,,,,,,,1255780,
,,,,,,,1255780,
,,,,,,,1248720,
,,,,,,,1263748,
,,,,,,,1263748,
,,,,,,,1271796,
,,,,,,,1272392,
,,,,,,,1272392,
,,,,,,,1169356,
,,,,,,,1169536,
,,,,,,,1169536,
,,,,,,,1169536,
,,,,,,,1169788,
,,,,,,,1169788,
,,,,,,,1169776,
,,,,,,,1169776,
,,,,,,,1170028,
,,,,,,,1170028,
,,,,,,,1170028,
,,,,,,,1170028,
,,,,,,,1170020,
,,,,,,,1170020,
,,,,,,,1170272,
,,,,,,,1170272,
,,,,,,,1170272,
,,,,,,,1170272,
,,,,,,,1170260,
,,,,,,,1170260,
,,,,,,,1170260,
,,,,,,,1170260,
,,,,,,,1170260,
,,,,,,,1170260,
,,,,,,,1170512,
,,,,,,,1170504,
,,,,,,,1170504,
,,,,,,,1170504,
,,,,,,,1170504,
,,,,,,,1170504,
,,,,,,,1170504,
,,,,,,,1170504,
,,,,,,,1170504,
,,,,,,,1170504,
,,,,,,,1170492,
,,,,,,,1170492,
,,,,,,,1170492,
,,,,,,,1170492,
,,,,,,,1170484,
,,,,,,,1170484,
,,,,,,,1170484,
,,,,,,,1170484,
,,,,,,,1170484,
,,,,,,,1170484,
,,,,,,,1170484,
,,,,,,,1170484,
,,,,,,,1170484,
,,,,,,,1170484,